Id,states,year,outcome,A,B,C,D,E,F,G,H,I,J,K,L,M,N,O,P,Q,R,S,T,U,V,W,X,Y,Z,AA,AB,AC
"Alabama,2010",Alabama,2010,13.1,,,,,,,,,,,,,,,,,,,,,,,,,,,,,
"Alaska,2010",Alaska,2010,5.3,,,,,,,,,,,,,,,,,,,,,,,,,,,,,
"Arizona,2010",Arizona,2010,9.0,,,,,,,,,,,,,,,,,,,,,,,,,,,,,
"Arkansas,2010",Arkansas,2010,9.7,,,,,,,,,,,,,,,,,,,,,,,,,,,,,
"California,2010",California,2010,8.6,,,,,,,,,,,,,,,,,,,,,,,,,,,,,
"Colorado,2010",Colorado,2010,6.0,,,,,,,,,,,,,,,,,,,,,,,,,,,,,
"Connecticut,2010",Connecticut,2010,7.3,,,,,,,,,,,,,,,,,,,,,,,,,,,,,
"Delaware,2010",Delaware,2010,8.7,,,,,,,,,,,,,,,,,,,,,,,,,,,,,
"District of Columbia,2010",District of Columbia,2010,8.3,,,,,,,,,,,,,,,,,,,,,,,,,,,,,
"Florida,2010",Florida,2010,10.4,,,,,,,,,,,,,,,,,,,,,,,,,,,,,
"Georgia,2010",Georgia,2010,9.7,,,,,,,,,,,,,,,,,,,,,,,,,,,,,
"Idaho,2010",Idaho,2010,8.0,,,,,,,,,,,,,,,,,,,,,,,,,,,,,
"Illinois,2010",Illinois,2010,8.7,,,,,,,,,,,,,,,,,,,,,,,,,,,,,
"Indiana,2010",Indiana,2010,9.8,,,,,,,,,,,,,,,,,,,,,,,,,,,,,
"Iowa,2010",Iowa,2010,7.5,,,,,,,,,,,,,,,,,,,,,,,,,,,,,
"Kansas,2010",Kansas,2010,8.4,,,,,,,,,,,,,,,,,,,,,,,,,,,,,
"Kentucky,2010",Kentucky,2010,10.0,,,,,,,,,,,,,,,,,,,,,,,,,,,,,
"Louisiana,2010",Louisiana,2010,10.3,,,,,,,,,,,,,,,,,,,,,,,,,,,,,
"Maine,2010",Maine,2010,8.7,,,,,,,,,,,,,,,,,,,,,,,,,,,,,
"Maryland,2010",Maryland,2010,9.3,,,,,,,,,,,,,,,,,,,,,,,,,,,,,
"Massachusetts,2010",Massachusetts,2010,7.4,,,,,,,,,,,,,,,,,,,,,,,,,,,,,
"Michigan,2010",Michigan,2010,10.2,,,,,,,,,,,,,,,,,,,,,,,,,,,,,
"Minnesota,2010",Minnesota,2010,6.7,,,,,,,,,,,,,,,,,,,,,,,,,,,,,
"Mississippi,2010",Mississippi,2010,12.3,,,,,,,,,,,,,,,,,,,,,,,,,,,,,
"Missouri,2010",Missouri,2010,9.4,,,,,,,,,,,,,,,,,,,,,,,,,,,,,
"Montana,2010",Montana,2010,7.0,,,,,,,,,,,,,,,,,,,,,,,,,,,,,
"Nebraska,2010",Nebraska,2010,7.7,,,,,,,,,,,,,,,,,,,,,,,,,,,,,
"Nevada,2010",Nevada,2010,8.4,,,,,,,,,,,,,,,,,,,,,,,,,,,,,
"New Hampshire,2010",New Hampshire,2010,7.9,,,,,,,,,,,,,,,,,,,,,,,,,,,,,
"New Jersey,2010",New Jersey,2010,9.2,,,,,,,,,,,,,,,,,,,,,,,,,,,,,
"New Mexico,2010",New Mexico,2010,8.5,,,,,,,,,,,,,,,,,,,,,,,,,,,,,
"New York,2010",New York,2010,8.9,,,,,,,,,,,,,,,,,,,,,,,,,,,,,
"North Carolina,2010",North Carolina,2010,9.8,,,,,,,,,,,,,,,,,,,,,,,,,,,,,
"North Dakota,2010",North Dakota,2010,7.5,,,,,,,,,,,,,,,,,,,,,,,,,,,,,
"Ohio,2010",Ohio,2010,10.1,,,,,,,,,,,,,,,,,,,,,,,,,,,,,
"Oklahoma,2010",Oklahoma,2010,10.4,,,,,,,,,,,,,,,,,,,,,,,,,,,,,
"Oregon,2010",Oregon,2010,7.1,,,,,,,,,,,,,,,,,,,,,,,,,,,,,
"Pennsylvania,2010",Pennsylvania,2010,10.3,,,,,,,,,,,,,,,,,,,,,,,,,,,,,
"Rhode Island,2010",Rhode Island,2010,7.8,,,,,,,,,,,,,,,,,,,,,,,,,,,,,
"South Carolina,2010",South Carolina,2010,10.7,,,,,,,,,,,,,,,,,,,,,,,,,,,,,
"South Dakota,2010",South Dakota,2010,6.9,,,,,,,,,,,,,,,,,,,,,,,,,,,,,
"Tennessee,2010",Tennessee,2010,11.3,,,,,,,,,,,,,,,,,,,,,,,,,,,,,
"Texas,2010",Texas,2010,9.7,,,,,,,,,,,,,,,,,,,,,,,,,,,,,
"Utah,2010",Utah,2010,6.5,,,,,,,,,,,,,,,,,,,,,,,,,,,,,
"Vermont,2010",Vermont,2010,6.8,,,,,,,,,,,,,,,,,,,,,,,,,,,,,
"Virginia,2010",Virginia,2010,8.6,,,,,,,,,,,,,,,,,,,,,,,,,,,,,
"Washington,2010",Washington,2010,7.6,,,,,,,,,,,,,,,,,,,,,,,,,,,,,
"West Virginia,2010",West Virginia,2010,11.7,,,,,,,,,,,,,,,,,,,,,,,,,,,,,
"Wisconsin,2010",Wisconsin,2010,7.1,,,,,,,,,,,,,,,,,,,,,,,,,,,,,
"Wyoming,2010",Wyoming,2010,7.2,,,,,,,,,,,,,,,,,,,,,,,,,,,,,
"Alabama,2011",Alabama,2011,11.7,5.686253735,55.92910185,53.95863005,39.30864701,0.0,29.41901192,91.4555286,66.50980774,72.38435154,43.57742543,34.33730467,73.12369922,42.10199306,35.62578137,53.30268781,87.83099117,46.10326485,0.0,38.1865178,31.846101399999995,31.51373103,19.8221727,31.05451392,43.67231019,0.0,76.22604016,47.7184804,84.12925277,60.50308692
"Alaska,2011",Alaska,2011,7.9,4.549002988,50.96764926,54.40091391,0.0,0.0,20.08243928,73.08789106,47.01094845,0.0,0.0,33.21760995,70.38644845,38.27453915,30.06714882,41.74591037,92.5153107,34.41511320000001,0.0,29.23243776,27.17144432,0.0,27.06898853,28.68712945,0.0,0.0,48.81141168,37.73655338,0.0,58.71481834
"Arizona,2011",Arizona,2011,9.4,4.094102689,51.19316984,49.3146496,32.98091359,0.0,22.372542000000003,73.85320929,47.54516377,42.16071002,36.97478521,33.59084153,72.34162757,39.85054958,33.85712556,45.75540458,100.7128699,41.34142529,114.1465969,31.86599071,28.04794252,36.70196724,24.93757211,27.15529244,34.83687171,0.0,53.82628275,38.22347665,71.90534424,52.45587831
"Arkansas,2011",Arkansas,2011,11.2,4.776453137,58.18430757,57.49690088,42.95188746,0.0,19.73011578,96.81275622,68.37956138,69.59056955,32.74909547,34.52392046,74.68784252,37.37396175,30.06714882,48.11393059,118.27906809999999,41.99076705,0.0,36.86974132,33.89126388,24.40392586,21.10102255,30.35822437,50.48821987,0.0,84.24983386,45.04040242,87.36499326,68.84834029
"California,2011",California,2011,8.9,4.776453137,44.20203211,40.46897254,23.20168921,33.10921704,18.3208218,62.37343583,33.12135004,23.62015682,22.71308235,22.95374171,61.00158865,33.54650784,22.99252557,33.49106933,48.01427518,29.43682639,63.28535816,20.80506832,22.64287026,21.52157241,23.23243897,20.19239694,30.04049083,80.15660995,43.12789114,31.65001251,62.91717621,42.024311600000004
"Colorado,2011",Colorado,2011,6.7,4.776453137,44.87859382,40.46897254,26.65318017,0.0,18.67314529,67.34800433,32.58713472,22.6042361,22.44897674,29.48529423,64.12987525,38.49968349,22.73986045,35.84959534,85.48883141,32.46708793,0.0,20.80506832,24.98019881,22.67451379,18.11703957,25.90197125,36.60395941,0.0,45.46816431,43.09270934,64.71480982,46.19693829
"Connecticut,2011",Connecticut,2011,9.3,8.415655527,56.60566356,47.54551419,28.18717615,0.0,19.90627753,64.66939052,37.92928795,22.6042361,27.73108891,34.89715203,71.95059174,45.25401393,30.82514417,44.81199418,131.16094679999998,39.39340002,0.0,25.28210833,28.34010859,27.47843621,28.987263300000002,29.94045064,32.06001962,0.0,44.13086536,38.22347665,72.98392441,49.47543068
"Delaware,2011",Delaware,2011,9.7,7.50585493,61.79263672,58.60261051,0.0,0.0,22.7248655,92.98616507,48.61359442,25.144037899999997,0.0,39.56254669,87.98306056,42.7774261,30.06714882,59.43485544,170.9776628,43.28945057,0.0,42.13684722,39.73458524,0.0,11.50964867,33.56115629,55.03215966,0.0,63.52170013,44.55347915,0.0,67.954206
"District of Columbia,2011",District of Columbia,2011,9.1,30.02341972,49.38900526,43.34381758,30.67991962,0.0,15.67839558,68.11332256,31.78581173,20.82637483,19.80792065,25.19313115,50.83465721,25.89160001,27.03516743,38.91567916,80.80451188,27.27235386,0.0,23.17526597,24.98019881,25.17255345,20.67473927,24.09161842,38.623488200000004,0.0,48.14276221,28.48501126,50.33374097,35.76537158
"Florida,2011",Florida,2011,10.4,3.866652539,52.77181384,44.44952722,28.95417414,38.66046301,23.60567424,68.87864079,43.53854884,33.77936405,33.541412300000005,30.04514159,66.4760902,38.27453915,28.04582789,43.63273118,89.00207106,35.49734947,93.95740291,26.07217422,22.20462116,32.09020172,15.7724815,24.64865006,35.08931281,92.30155086,49.48006116,33.84116722,68.66960375,42.91844589
"Georgia,2011",Georgia,2011,10.1,4.094102689,48.48692297,44.44952722,29.52942263,35.88484002,17.616174800000003,78.44511868,44.33987183,36.82712622,27.4669833,32.6577626,62.56573195,32.4207861,24.00318603,41.98176297,85.48883141,33.982218700000004,71.43868651,26.33552951,26.29494611,24.98039655,20.46159763,23.39532887,42.91498689,106.87547990000002,65.19332382,32.62385905,66.15291671,43.81258018
"Idaho,2011",Idaho,2011,9.4,3.4117522410000003,50.96764926,54.17977198,44.67763294,0.0,25.71961521,98.7260518,49.94913272,48.25623436,31.95677865,34.33730467,81.72648736,60.11354089,35.37311626,46.69881499,185.0306214,49.78286815,0.0,31.07592483,37.10509063,38.43137931,24.93757211,30.91525601,50.74066097,0.0,75.22306595,49.90963512,95.99363457,50.36956497
"Illinois,2011",Illinois,2011,9.7,4.776453137,48.48692297,44.22838529,29.33767313,38.06568665,18.84930704,68.49598167,38.9977186,27.68383971,30.10803939,23.1403575,62.56573195,32.4207861,26.78250231,39.85908956,59.725074,33.76577144,56.68504473,26.07217422,24.83411577,24.78823966,16.83818971,26.18048707,38.623488200000004,91.49188813,50.14871063,37.24963011,63.99575638,43.81258018
"Indiana,2011",Indiana,2011,10.2,5.458803585,55.92910185,53.73748813,36.43240454,59.4776354,25.54345347,85.33298276,51.55177869,44.44653165,37.50299643,39.74916247,84.46373813,43.00257045,32.08846975,46.22710979,104.22610949999999,49.5664209,0.0,31.33928012,35.79034332,29.01569138,24.93757211,30.63674019,42.41010469,0.0,61.18142697,49.42271185,88.0840467,62.88744502
"Iowa,2011",Iowa,2011,8.2,5.913703883999999,52.09525212,49.75693345,37.00765304,0.0,25.54345347,83.80234629,51.55177869,41.39876948,52.82112173,32.6577626,77.03405746,40.30083828,36.13111161,48.34978319,76.12019235,40.90853079,0.0,33.44612248,34.32951298,36.50981035,32.82381286,29.24416109,45.69183899,0.0,63.85602487,44.31001752,73.70297785,51.85978879
"Kansas,2011",Kansas,2011,9.5,5.003903286,54.80149899,49.53579152,28.95417414,0.0,23.60567424,79.97575514,49.68202506,40.38284876,23.50539917,32.84437838,74.29680669,46.60488002,34.36245579,45.28369938,94.85747047,40.90853079,0.0,28.44237188,30.38527106,27.28627931,25.15071375,29.383419,50.48821987,0.0,62.18440118,47.96194204,78.73635195,55.73437071
"Kentucky,2011",Kentucky,2011,10.7,5.231353436,53.67389613,51.74721079,34.51490957,0.0,27.1289092,79.21043691,61.9689775,51.05001635,35.91836278,32.6577626,75.46991417,37.5991061,41.18441393,50.4724566,106.5682693,49.99931541,0.0,33.44612248,34.03734691,25.94118103,23.65872226,33.42189838,46.95404448,0.0,59.17547855,39.92770809,78.37682523,53.35001260000001
"Louisiana,2011",Louisiana,2011,11.8,5.231353436,54.80149899,50.42035923,43.91063495,0.0,29.94749717,88.39425568,56.89393193,64.25698576,40.14405252,33.9640731,73.90577087,41.20141567,39.41575812,51.41586701,151.06930480000003,46.75260661,0.0,27.91566129,30.67743713,32.85882931,16.41190643,29.94045064,42.41010469,0.0,74.22009174,35.54539867,73.70297785,51.26369926
"Maine,2011",Maine,2011,9.6,5.686253735,60.43951329,55.28548161,42.76013796,0.0,24.66264473,81.88905072,48.88070208,39.87488839,59.95197317,39.93577826,80.55337989,32.4207861,36.13111161,49.5290462,70.26479294,51.08155167,0.0,41.61013663,33.59909781,40.35294828,38.57863719,36.20705658,34.07954842,0.0,55.83223117,38.95386155,84.48877949,57.52263929
"Maryland,2011",Maryland,2011,9.4,68.23504481,53.8994167,52.41063657,37.39115203,0.0,22.19638025,74.61852752,42.20301054,28.19180007,35.91836278,38.81608354,79.38027241,40.30083828,28.04582789,51.18001441,101.8839498,40.04274177,0.0,31.60263542,34.32951298,26.90196552,27.28213017,30.21896646,36.60395941,0.0,55.49790643,41.87540117,74.06250457,50.66760974
"Massachusetts,2011",Massachusetts,2011,8.0,13.87445911,50.06556698,46.21866263,31.25516811,42.82389748,18.49698354,63.52141317,33.12135004,21.84229555,26.14645526,29.67191002,70.38644845,37.82425045,29.30915347,41.03835257,106.5682693,38.31116375,0.0,23.96533186,26.73319522,22.0980431,19.18274778,30.91525601,30.29293192,69.63099451,39.45031903,36.76270684,68.31007703,46.19693829
"Michigan,2011",Michigan,2011,10.0,5.913703883999999,49.16348469,45.55523685,35.66540655,31.32488797,25.54345347,69.26129990000001,45.67541014,35.55722532,39.35173569,29.48529423,70.38644845,39.40026089,32.34113486,45.75540458,80.80451188,40.25918903,73.7682089,28.44237188,30.38527106,30.36078966,16.41190643,30.35822437,42.1576636,95.1353704,51.48600958,37.98001501,75.86013818,51.26369926
"Minnesota,2011",Minnesota,2011,7.3,5.458803585,48.03588183,47.54551419,38.15815002,0.0,22.54870375,71.93991371,39.53193392,26.41393881,35.91836278,28.92544687,72.73266339,38.27453915,35.12045114,42.92517337,93.68639059,39.39340002,0.0,27.125595399999998,27.02536128,25.74902414,20.88788091,26.73751871,37.36128271,0.0,50.48303537,40.41463136,70.10771064,46.79302781
"Mississippi,2011",Mississippi,2011,12.3,3.4117522410000003,64.49888358,58.60261051,42.76013796,0.0,38.40326107,103.7006203,66.24270008,66.79678756,39.35173569,43.29486241,82.89959484,50.65747828,35.62578137,58.01973983,188.54386110000002,44.15523958,0.0,34.49954366,43.24057805,41.89020345,9.591373888,33.83967211,72.19815442,0.0,99.96309653,41.63193954,83.05067259999998,62.2913555
"Missouri,2011",Missouri,2011,10.2,6.3686041829999995,51.19316984,49.97807538,38.92514801,49.96121373,26.07193871,78.44511868,50.21624038,40.12886857,28.78751134,30.79160473,75.07887834,40.75112697,31.3304744,47.40637279,69.09371306,42.42366156,0.0,28.44237188,29.6548559,22.0980431,13.85420673,29.80119273,37.61372381,87.4435745,59.84412802,48.20540367,79.81493211,57.22459452
"Montana,2011",Montana,2011,7.9,7.50585493,59.98847214,58.38146858,0.0,0.0,37.69861408,94.89946064,51.01756337,40.12886857,0.0,32.09791524,81.72648736,60.78897394,30.31981394,45.04784678,194.3992605,46.53615936,0.0,29.49579306,35.49817725,0.0,36.44722077,33.42189838,0.0,0.0,59.84412802,58.43079233,92.39836735,61.09917645
"Nebraska,2011",Nebraska,2011,8.4,5.003903286,53.44837556,51.96835271,43.33538646,0.0,32.06143814,85.71564187,48.88070208,33.77936405,52.02880491,33.21760995,77.03405746,50.20718959,41.94240928,49.057341,46.84319529,44.80458134,67.55614920000001,36.86974132,33.16084871,25.74902414,26.21642196,27.43380826,53.51751307,0.0,52.4889838,47.47501877,76.57919162,52.45587831
"Nevada,2011",Nevada,2011,10.3,2.729401793,51.41869041,43.78610144,24.92743469,0.0,21.84405676,70.02661814,42.4701182,33.77936405,27.4669833,31.35145209,61.39262448,33.54650784,33.09913021,38.20812135,63.23831365,32.89998243,0.0,29.49579306,22.64287026,19.21568966,13.85420673,24.09161842,36.09907721,0.0,48.14276221,35.30193703,70.10771064,44.40866971
"New Hampshire,2011",New Hampshire,2011,8.7,6.3686041829999995,56.60566356,50.86264308,27.80367715,0.0,20.96324802,73.85320929,45.14119481,30.4776217,33.01320108,34.15068889,74.29680669,40.75112697,30.82514417,40.56664736,107.7393492,37.44537474,0.0,26.59888481,33.16084871,0.0,14.06734837,31.33302973,30.54537302,0.0,50.48303537,46.01424896,75.50061146,53.05196784
"New Jersey,2011",New Jersey,2011,8.8,5.003903286,53.22285498,46.88208841,25.11918419,45.59952047,20.61092452,68.11332256,38.19639561,26.92189917,24.82592721,28.36559951,69.6043768,36.92367306,22.73986045,42.21761557,99.54179,35.93024397,52.41425369,20.54171302,26.58711218,21.52157241,24.08500554,27.29455035,32.31246072,108.089974,50.48303537,33.84116722,66.15291671,46.49498305
"New Mexico,2011",New Mexico,2011,10.0,7.50585493,59.98847214,60.37174592,44.48588344,0.0,34.52770262,99.87402914,60.36633153,50.79603617,43.84153104,36.94992568,86.41891726,44.80372524,34.86778603,55.89706643,120.62122790000001,46.10326485,0.0,40.82007075,31.70001837,9.800001724,37.51292898,31.05451392,39.128370399999994,0.0,72.88279279,44.06655588,96.35316129,67.954206
"New York,2011",New York,2011,10.3,5.458803585,44.65307325,40.02668869,26.46143067,32.71269947,17.44001306,58.16418556,32.58713472,21.08035501,23.76950478,27.43252058,55.91812293,31.06992001,23.75052092,36.55715315,64.40939353,30.51906265,54.74377608,21.858489499999997,22.49678723,19.79216035,14.70677329,24.50939215,32.06001962,86.22908041,43.12789114,27.51116472,56.80522195,37.85168492
"North Carolina,2011",North Carolina,2011,10.7,8.188205378,53.44837556,47.76665611,35.47365706,41.43608599,20.78708627,76.91448221,46.74384078,38.35100731,30.10803939,43.10824663,65.30298272,37.5991061,25.77184185,46.69881499,106.5682693,38.74405826,68.72091039,28.70572717,30.38527106,19.21568966,27.921555100000003,28.13009781,39.128370399999994,99.99334676,58.50682907,35.30193703,75.86013818,47.38911734
"North Dakota,2011",North Dakota,2011,8.3,5.003903286,64.04784244,64.13115867,0.0,0.0,49.8537747,102.1699838,54.75707063,0.0,0.0,51.31934122,108.31692340000002,45.92944698,56.59698601,66.98213867,226.01841729999998,64.93417585,0.0,55.83132257,39.00417007,0.0,47.31744451,35.92854076,71.18839002,0.0,82.57821018,69.38656589,0.0,86.13493655
"Ohio,2011",Ohio,2011,10.0,6.141154032999999,52.09525212,48.87236574,36.24065505,46.39255561,22.02021851,79.21043691,47.27805611,39.11294785,37.50299643,30.79160473,73.12369922,39.62540523,32.59379998,46.22710979,92.5153107,42.2072143,84.63931337,33.97283307,29.50877286,31.32157414,22.16673076,30.91525601,45.18695679,98.77885267,54.49493222,39.19732319,76.57919162,53.35001260000001
"Oklahoma,2011",Oklahoma,2011,11.1,3.63920239,54.57597842,54.40091391,34.51490957,0.0,25.54345347,89.54223303,60.63343919,55.11369925,52.02880491,28.5522153,79.77130824,40.30083828,34.61512091,45.51955198,77.29127223,43.28945057,0.0,35.55296484,28.63227466,28.82353448,15.34619822,29.10490318,40.643017,0.0,61.85007645,43.33617098,85.20783293,60.80113168
"Oregon,2011",Oregon,2011,9.3,5.231353436,52.77181384,45.9975207,30.10467112,0.0,20.43476277,70.40927725,44.87408715,30.73160188,25.61824404,25.93959429,65.30298272,38.49968349,27.28783254,40.09494216,94.85747047,37.01248024,58.23805966,29.23243776,27.60969342,21.71372931,29.20040495,27.01603453,29.28316753,0.0,47.13978799,36.27578357,78.01729851,52.45587831
"Pennsylvania,2011",Pennsylvania,2011,9.5,8.415655527,52.77181384,48.43008189,35.66540655,45.99603804,23.42951249,73.08789106,43.53854884,30.4776217,36.446574,29.11206266,72.73266339,38.94997219,32.8464651,49.2931936,80.80451188,41.12497804,66.77964174,30.54921424,28.92444073,29.01569138,23.44558061,30.07970855,43.16742799,89.87256268,51.82033432,38.22347665,73.34345113,49.17738592
"Rhode Island,2011",Rhode Island,2011,8.4,11.37250747,58.86086928,51.52606886,31.44691761,0.0,17.26385131,74.23586841,38.46350327,29.207720799999997,19.01560382,32.84437838,73.90577087,32.64593045,30.06714882,44.34028898,80.80451188,39.82629452,0.0,20.80506832,33.89126388,0.0,25.79013868,31.75080346,22.97214004,0.0,49.14573642,27.26770309,70.82676408,47.6871621
"South Carolina,2011",South Carolina,2011,12.0,5.231353436,52.54629327,51.74721079,38.54164902,0.0,24.66264473,82.65436895,52.887317,46.98633346,49.91596004,36.01684675,72.34162757,36.92367306,27.03516743,45.99125719,94.85747047,40.90853079,0.0,31.60263542,32.28435051,28.43922069,20.03531434,29.52267691,47.71136778,0.0,65.52764856,42.118862799999995,80.89351228,51.56174403
"South Dakota,2011",South Dakota,2011,9.4,5.913703883999999,67.65617159,65.01572638,0.0,0.0,38.75558457,100.2566883,65.44137710000001,16.25473157,52.55701612,41.80193612,114.1824608,54.71007654,67.20892089,63.44434966,336.0999262,56.925627500000004,0.0,77.42645677,42.80232895,0.0,35.38151256,38.15666732,0.0,0.0,79.2349628,51.12694329,0.0,70.04051934
"Tennessee,2011",Tennessee,2011,11.2,6.8235044810000005,59.537431000000005,55.72776546,46.97862691,0.0,24.66264473,80.74107337,63.57162347,64.51096594,50.44417125,38.0696204,81.72648736,40.97627132,42.19507439,58.49144504,121.7923078,51.29799892,75.70947755,39.23993898,32.86868264,35.74118276,30.90553808,32.307835100000005,45.69183899,121.449409,61.85007645,43.57963261,79.45540539,58.41677358
"Texas,2011",Texas,2011,10.2,3.4117522410000003,47.13379954,43.56495951,27.80367715,32.11792311,19.73011578,71.17459548,43.53854884,36.06518568,30.90035621,32.6577626,60.219517,30.16934262,27.79316277,38.67982656,59.725074,32.68353518,80.36852232,24.75539774,20.59770779,28.82353448,17.47761464,22.97755514,37.36128271,99.18368403,58.17250433,29.94578107,63.63622966,42.62040113
"Utah,2011",Utah,2011,6.6,5.003903286,49.61452583,48.43008189,32.0221661,0.0,22.02021851,76.5318231,43.00433352,32.50946315,31.16446182,27.05928901,73.51473504,56.96152002,29.05648835,42.21761557,81.97559176,43.28945057,0.0,25.01875304,33.30693174,32.28235862,9.80451553,30.35822437,39.885693700000004,0.0,61.51575171,43.82309425,77.29824506,56.33046024
"Vermont,2011",Vermont,2011,7.7,8.643105676000001,56.60566356,50.42035923,0.0,0.0,16.20688082,84.18500541,45.14119481,0.0,0.0,32.28453102,80.94441571,51.33291133,36.13111161,46.69881499,44.50103553,43.50589782,0.0,32.6560566,40.90324951,0.0,0.0,41.22034134,0.0,0.0,54.16060748,50.15309675,0.0,50.9656545
"Virginia,2011",Virginia,2011,10.4,12.50975822,52.77181384,46.88208841,33.17266308,0.0,18.84930704,76.5318231,41.66879521,33.01742351,26.14645526,24.446668,65.30298272,36.47338436,26.02450696,42.21761557,62.06723376,33.54932419,47.36695519,23.70197656,26.87927825,20.17647414,23.23243897,25.76271334,39.6332526,98.37402131,54.82925696,34.32809049,70.82676408,46.49498305
"Washington,2011",Washington,2011,8.9,5.686253735,45.78067611,43.34381758,24.35218619,0.0,17.616174800000003,70.02661814,38.73061094,27.68383971,22.44897674,23.32697328,68.0402335,35.34766262,27.28783254,36.08544795,70.26479294,34.84800771,59.79107458,23.96533186,23.81153454,23.44314138,25.36385539,25.76271334,32.31246072,51.41358315,48.47708695,36.03232194,70.82676408,46.19693829
"West Virginia,2011",West Virginia,2011,12.0,6.8235044810000005,58.86086928,59.92946207,43.91063495,0.0,34.17537912,77.29714133,80.13229849,69.33658937,59.42376195,37.88300461,93.06652628,53.80949915,36.88910695,68.16140167,218.99193799999998,57.14207475,0.0,43.98033429,40.46500041,0.0,33.46323779,36.62483031,44.42963349,0.0,70.20819489,63.30002502,94.55552768,52.45587831
"Wisconsin,2011",Wisconsin,2011,8.4,6.141154032999999,52.54629327,47.54551419,33.93966107,0.0,23.42951249,75.00118664,43.53854884,27.93781989,38.55941886,33.40422574,73.12369922,38.49968349,30.57247905,43.16102597,91.34423082,40.47563628,0.0,31.33928012,31.11568623,30.36078966,27.06898853,30.21896646,41.400340299999996,0.0,50.14871063,41.87540117,78.73635195,54.24414689
"Wyoming,2011",Wyoming,2011,8.2,4.321552838000001,57.50774585,61.47745555,0.0,0.0,20.43476277,68.87864079,53.42153232,0.0,0.0,29.29867844,95.41274123,45.25401393,45.73238602,55.89706643,192.0571007,54.32826046,0.0,33.70947778,38.2737549,0.0,0.0,37.46037777,0.0,0.0,21.396783199999998,39.68424646,0.0,73.02096697
"Alabama,2012",Alabama,2012,12.2,5.182899664,54.72642793,53.45929056,39.86146844,0.0,26.43720463,81.52447153,59.87848157,57.33202307,34.66923703,34.2388256,71.55411753,43.93968935,34.68295202,48.53463422,124.0586088,43.74755015,0.0,33.6927491,28.92797237,29.65853075,19.0062715,35.5678694,56.71463424,0.0,69.58325915,50.42432864,90.95057654,65.40165788
"Alaska,2012",Alaska,2012,6.9,3.23931229,40.94195172,53.67660475,0.0,0.0,17.78502857,85.9403804,41.43590925,0.0,0.0,40.32186569,72.78075955,42.11970221,27.74636162,41.60111505,151.2495367,35.73438502,0.0,21.58756978,26.07591876,0.0,26.2387465,25.33430697,0.0,0.0,70.17798786,48.89631868,0.0,61.55450154
"Arizona,2012",Arizona,2012,10.7,3.23931229,52.05182807,48.24375002,34.006111499999996,0.0,21.95089111,77.78793325,45.02861814,34.14154183,34.66923703,34.06502446,75.23404358,39.5197206,31.41867418,44.14340541,90.06994883,40.28239766,96.98530368,31.47346622,25.26104629,27.79321435,27.92071743,28.32949598,46.09476249,0.0,59.77023542,43.03894718,84.20033844,59.48295581
"Arkansas,2012",Arkansas,2012,11.2,3.6712205960000004,59.046935399999995,55.41511826,42.11352881,0.0,25.31562625,88.65786279,63.23167654,60.12346988,33.00701334,33.02221759,80.95837298,47.05966729,33.6628652,50.84580728,132.5557738,46.34641451,0.0,29.05243036,30.28609314,22.19726515,23.21119882,35.94226802,51.96958516,0.0,77.31473239,45.58563044,95.56916051,64.51385257
"California,2012",California,2012,9.8,4.535037206,44.64524384,41.94163853,24.32225193,34.96743403,18.74638146,62.84178014,33.53194968,22.33157453,23.27113171,25.02736491,64.19426544,35.09975185,23.46199696,34.43647857,71.37618587,31.18637238,69.99808874,21.38581679,22.68061683,20.70501203,25.73415522,23.58711339,32.76343412,83.50600925,46.09147508,34.38022407,69.98931085,46.16587615
"Colorado,2012",Colorado,2012,7.4,4.103128901,44.85098229,40.63775339,25.89869419,0.0,14.740744400000002,65.89894782,32.813407899999994,19.75485439,29.68256595,28.8509901,64.19426544,34.57975552,23.25797959,35.82318239999999,67.97731987,33.13552065,0.0,25.62262955,25.53267045,24.62217647,20.68824243,27.58069873,35.92680018,0.0,49.65984734,42.78427885,69.98931085,46.46181126
"Connecticut,2012",Connecticut,2012,9.1,7.558395344,53.90347412,47.15717907,33.33049339,0.0,18.90660695,64.20052133,36.16660287,24.04938795,32.05717123,33.36981988,69.91859485,41.85970405,28.15439635,40.21441121,171.64273269999998,37.25038923,0.0,24.61386461,27.97728783,28.35280927,24.72497266,30.57588773,37.73443792,0.0,49.9572117,39.98292726,78.16065171,54.15612395
"Delaware,2012",Delaware,2012,9.6,7.774349496,61.31005836,59.54408786,0.0,0.0,20.34863629,83.56258332,47.18424348,34.57099518,0.0,36.1506382,93.6336738,37.95973163,34.07089993,52.46362842,266.8109805,44.8304103,0.0,38.53482082,39.92875059,0.0,20.01545406,34.0702749,48.12835495,0.0,64.23070075,53.22568023,0.0,65.40165788
"District of Columbia,2012",District of Columbia,2012,8.2,22.24327773,47.31984370000001,42.5935811,23.64663382,0.0,12.81803861,69.6354861,31.61583827,19.32540103,24.22097382,24.85356376,51.51896462,22.61984008,26.93029216,36.28541701,61.17958789,29.02065208,0.0,21.38581679,22.2731806,17.90703743,22.20201627,25.95830468,42.93139644,0.0,51.44403347,32.08820914,56.48883465,42.91059001
"Florida,2012",Florida,2012,11.4,3.23931229,49.99444356,43.89746623,29.95240284,41.28413179,23.23269498,67.93705961,41.19639532,28.34392152,31.34478965,30.24139926,67.05643014,35.35975001,28.56243108,42.29446696,122.35917579999999,35.95095705,107.1055093,24.8156176,21.7299323,30.59118895,19.67905987,26.45750285,34.34511715,97.16353413,52.33612654,35.14422905,73.54206775,47.64555167
"Georgia,2012",Georgia,2012,9.9,3.455266443,47.52558215,42.81089528,24.54745797,36.77220482,17.78502857,74.73076557,40.23833961,30.92064165,26.83303962,31.11040499,59.69657806,32.49977023,22.23789277,38.13435546,100.2665468,33.56866472,86.44342284,22.39458174,23.495489300000003,21.63767023,18.66987732,25.20950743,44.73903418,110.430844,59.47287107,36.92690734,68.92348378,47.94148677
"Idaho,2012",Idaho,2012,8.3,3.23931229,50.40592046,55.84974664,39.63626241,0.0,32.36554748,81.86415683,43.59153458,29.41755491,36.33146073,35.45543362,79.73173096,48.87965442,41.00749033,45.06787463,146.1512377,46.12984248,0.0,36.71904393,33.00233468,37.30632799,22.37021336,30.95028635,47.22453608,0.0,65.42015818,60.10172505,93.08223068,62.44230685
"Illinois,2012",Illinois,2012,9.4,3.887174748,45.67393609,43.24552366,30.62802095,35.41862673,19.22705791,68.6164302,37.84320035,24.90829467,29.68256595,23.4631546,62.14986209,31.45977758,26.72627479,37.44100354,93.46881483,32.91894862,62.82960977,25.62262955,23.08805307,25.74136631,17.32430057,27.58069873,44.06117003,88.57880421,49.65984734,37.94558065,67.85765672,48.53335698
"Indiana,2012",Indiana,2012,10.9,4.535037206,52.87478187,53.67660475,38.05982015,67.67890458,27.07810656,82.20384212,51.0164663,39.50970878,42.74289497,38.41005309,90.36262843,46.53967097,32.84679574,46.22346116,120.6597428,49.811567,0.0,34.49976105,31.64421391,22.57032843,20.85643952,30.57588773,46.32071721,0.0,65.71752253,56.53636848,95.56916051,69.24881423
"Iowa,2012",Iowa,2012,9.7,5.61480797,52.46330497,53.45929056,38.9606443,0.0,30.28261621,76.76887735,49.10035489,34.57099518,41.31813181,31.45800728,84.22941835,50.43964339,35.09098675,48.30351692,144.45180469999997,45.26355436,0.0,37.92956186,35.44695206,37.67939127,19.0062715,30.82548681,47.90240023,0.0,59.77023542,51.44300195,92.3716793,63.03417705
"Kansas,2012",Kansas,2012,9.4,4.103128901,52.05182807,49.33032096,34.006111499999996,0.0,22.75201853,80.84510093,49.33986881,32.4237284,44.64257919,28.50338781,79.32285029,39.77971876,33.86688256,42.52558427,100.2665468,40.06582563,0.0,30.46470128,30.01446898,31.89691043,28.76170289,30.32628864,49.25812854,0.0,57.98604929,40.74693224,85.97671689,58.5951505
"Kentucky,2012",Kentucky,2012,10.6,4.535037206,53.90347412,52.5900338,38.9606443,0.0,26.43720463,77.10856265,56.76480053,52.60803615,40.13082917,33.71742217,76.86956626,42.37970038,34.88696939,48.07239961,166.54443369999998,47.42927466,0.0,36.11378496,31.100965600000002,34.50835339,23.37939592,33.82067581,58.97418142,0.0,62.44651462,49.40565534,87.75309533,61.25856643
"Louisiana,2012",Louisiana,2012,12.2,3.887174748,50.20018201,47.59180745,33.78090546,0.0,26.27697914,79.14667444,47.90278526,40.58334217,37.99368442,32.32701301,70.32747552,31.71977574,39.57936878,46.68569577,84.97164984,43.09783405,0.0,30.061195299999998,25.12523422,32.82956863,16.48331511,31.07508589,42.25353228,0.0,65.12279382,38.4549173,75.31844620000001,51.19677291
"Maine,2012",Maine,2012,9.7,5.398853817000001,60.692843,54.11123313,40.08667448,0.0,23.87359691,80.50541563,47.90278526,34.78572186,43.45527656,33.54362102,81.36725365,43.15969486,37.94722986,48.53463422,248.11721749999998,44.8304103,0.0,40.55235071,30.55771729,39.35817603,27.24792905,32.94707902,38.63825679,0.0,57.39132058,41.00160056,88.8189224,48.82929208
"Maryland,2012",Maryland,2012,10.2,64.7862458,53.28625877,51.72077704,37.38420204,0.0,20.02818532,77.78793325,40.71736747,27.4850148,35.14415809,39.80046225,78.50508895,41.85970405,29.37850054,48.53463422,76.47448486,38.54982142,0.0,27.23665346,32.59489844,22.19726515,28.92989998,30.70068727,42.25353228,0.0,60.95969285,43.54828383,82.42395999,59.77889092
"Massachusetts,2012",Massachusetts,2012,8.4,11.01366179,49.37722821,46.07060812,30.85322699,42.63770989,18.74638146,60.12429775,32.33438005,19.54012771,31.58225017,28.8509901,71.55411753,39.77971876,26.72627479,39.7521766,84.97164984,36.81724517,0.0,23.40334668,25.12523422,24.43564483,23.21119882,30.32628864,37.05657377,75.70170932,44.30728895,39.4735906,72.47624068,47.64555167
"Michigan,2012",Michigan,2012,10.4,4.535037206,44.64524384,43.46283785,32.88008131,29.32752532,21.95089111,65.89894782,42.15445102,30.70591498,35.38161862,28.15578552,68.28307216,37.69973346,28.97046581,42.52558427,91.76938183,38.98296548,82.22667051,28.64892438,26.34754291,22.38379679,17.49249766,28.82869414,44.06117003,96.77331914,47.57829685,39.98292726,75.67372189,52.67644843
"Minnesota,2012",Minnesota,2012,7.3,4.535037206,49.58296666,46.5052365,30.85322699,0.0,23.71337142,74.05139497,37.364172499999995,21.04321446,25.88319751,27.2867798,76.05180492,33.27976471,30.80662209,40.21441121,135.9546397,38.76639345,0.0,27.84191243,26.48335499,28.72587255,25.56595813,27.83029781,43.15735115,0.0,52.33612654,47.36830873,80.64758154,53.56425374
"Mississippi,2012",Mississippi,2012,12.5,3.6712205960000004,55.34364328,58.02288853,42.78914692,0.0,36.05073358,97.82936583,67.54292721,51.53440276,43.21781603,47.44771264,90.36262843,42.11970221,35.90705621,64.01949371,144.45180469999997,44.61383827,0.0,36.11378496,36.53344867,43.83493539,19.67905987,34.0702749,62.58945691,0.0,85.04620563,50.9336653,87.04254395,65.69759299
"Missouri,2012",Missouri,2012,10.7,4.7509913589999995,50.20018201,47.59180745,34.006111499999996,34.51624134,20.98953822,71.67359788,46.465701700000004,35.4299019,36.33146073,26.93917751,74.82516291,39.5197206,33.45884783,41.83223235,125.7580418,40.71554172,0.0,31.67521921,25.94010668,27.23361943,15.47413255,29.07829323,50.16194741,95.60267415,55.30977009,45.58563044,79.93703016,53.86018884
"Montana,2012",Montana,2012,7.2,5.830762122,54.93216638,55.63243245,0.0,0.0,27.71900849,83.22289802,44.54959029,34.57099518,0.0,31.28420614,90.77150909999999,58.23958825,31.01063946,44.60564002,117.26087679999999,44.8304103,0.0,37.1225499,31.50840183,0.0,20.68824243,30.2014891,0.0,0.0,68.69116608,52.20700693,92.3716793,58.2992154
"Nebraska,2012",Nebraska,2012,8.1,4.966945512,52.05182807,52.80734799,39.86146844,0.0,26.27697914,83.56258332,47.18424348,31.56482169,55.80322399,31.63180843,81.36725365,48.61965626,30.60260473,47.841282299999996,125.7580418,41.79840187,39.63747194,40.7541037,32.45908637,45.88678343,16.6515122,30.32628864,49.71003798,0.0,64.23070075,53.48034856,86.33199258,62.14637174
"Nevada,2012",Nevada,2012,8.9,1.943587374,49.17148975,43.46283785,22.07019157,0.0,17.94525405,70.31485669,41.43590925,28.55864819,36.56892126,30.06759812,60.5143394,33.53976287,24.48208378,40.21441121,124.0586088,34.21838081,0.0,22.9998407,23.63130137,21.26460695,22.87480464,27.45589918,37.73443792,0.0,50.84930476,30.30553085,77.45010034,51.19677291
"New Hampshire,2012",New Hampshire,2012,9.1,5.830762122,55.13790483,49.98226353,34.68172961,0.0,21.30998918,71.33391259,44.31007636,28.34392152,23.27113171,33.19601873,76.05180492,48.09965994,32.43876101,43.21893619,86.67108284,42.23154593,0.0,26.6313945,31.64421391,0.0,38.1807401,32.69747994,47.22453608,0.0,50.84930476,48.64165036,90.59530085,55.04392926
"New Jersey,2012",New Jersey,2012,9.3,4.535037206,54.31495103,47.37449326,26.12390022,29.10192897,20.50886177,65.89894782,37.12465857,25.33774802,28.02034226,28.8509901,70.32747552,34.83975368,23.87003169,40.21441121,122.35917579999999,35.95095705,74.63651631,19.16653392,26.34754291,21.82420187,25.90235231,29.95189002,34.11916243,107.699339,50.55194041,39.21892228,72.12096499,50.60490271
"New Mexico,2012",New Mexico,2012,10.2,6.910532886,56.16659708,58.6748311,42.33873484,0.0,27.23833204,96.13093934,55.5672309,36.71826196,55.56576347,35.28163248,88.31822507,48.87965442,36.72312567,50.61468997,127.45747479999999,44.8304103,0.0,36.11378496,32.18746221,21.63767023,42.04927323,31.32468498,50.61385685,0.0,82.96465514,43.54828383,95.21388482,74.87158120000001
"New York,2012",New York,2012,9.7,5.182899664,45.46819764,41.07238177,27.92554851,33.38825959,17.14412664,58.76555656,32.09486612,19.75485439,25.88319751,27.98198438,58.87881671,33.53976287,22.23789277,36.05429971,71.37618587,30.75322832,55.66113081,21.38581679,23.08805307,21.63767023,19.17446859,26.70710193,33.89320771,88.57880421,45.49674637,33.6162191,61.10741861,42.31871981
"North Carolina,2012",North Carolina,2012,10.4,6.910532886,51.02313581,48.24375002,33.10528735,46.02165512,20.82931274,74.39108027,44.54959029,32.85318176,31.58225017,40.49566683,71.9629982,44.97968199,27.54234425,42.29446696,115.5614438,38.98296548,69.15473827,23.80685266,28.79216029,20.51848039,26.57514068,28.07989689,42.25353228,100.6754691,59.77023542,43.54828383,80.29230585,54.74799416
"North Dakota,2012",North Dakota,2012,8.6,4.535037206,56.78381244,59.97871624,0.0,0.0,39.89614516,92.73408636,54.13014734,0.0,0.0,47.27391149,97.31359984,63.69954964,51.82041067,51.7702765,197.13422759999997,49.59499497,0.0,57.49960175,31.91583806,0.0,23.54759301,37.19026344,61.2337286,0.0,66.01488689,64.94042325,0.0,79.31060775
"Ohio,2012",Ohio,2012,11.6,5.182899664,52.46330497,49.98226353,39.63626241,48.95440765,24.35427335,76.08950676,49.81889667,37.57716868,44.64257919,30.06759812,78.09620828,43.41969302,35.09098675,48.07239961,98.56711382,41.58182984,73.79316584,31.47346622,28.38472406,39.73123931,22.20201627,31.82388315,47.4504908,104.1874041,56.79659187,45.07629379,85.26616551,59.48295581
"Oklahoma,2012",Oklahoma,2012,11.4,3.887174748,53.69773567,51.50346286,34.68172961,0.0,30.12239073,86.61975100000001,59.87848157,52.39330947,37.28130284,31.63180843,82.18501499,53.55962133,37.94722986,44.14340541,142.7523717,41.14868578,0.0,34.09625508,29.06378445,21.82420187,14.46494999,32.5726804,50.38790213,0.0,65.12279382,51.18833362,90.95057654,65.99352809
"Oregon,2012",Oregon,2012,9.9,4.966945512,52.05182807,47.59180745,30.85322699,0.0,20.98953822,73.37202437,44.54959029,28.98810155,37.28130284,27.98198438,71.55411753,39.5197206,27.33832689,40.21441121,96.86768082,37.0338172,67.46803734,29.05243036,28.24891199,18.65316399,31.95744766,27.45589918,37.05657377,0.0,53.82294832,45.33096211,87.04254395,56.22766967
"Pennsylvania,2012",Pennsylvania,2012,10.2,7.774349496,53.69773567,49.54763515,38.05982015,46.92404051,22.59179305,71.33391259,43.35202066,28.34392152,38.23114495,28.8509901,77.68732761,39.5197206,33.0508131,48.99686883,132.5557738,41.79840187,78.85326864,28.44717139,27.84147575,33.94875847,23.7157901,31.6990836,47.90240023,99.89503911,53.22821961,42.274942200000005,76.73954896,53.26831864
"Rhode Island,2012",Rhode Island,2012,9.7,9.070074413,55.96085863,51.72077704,29.72719681,0.0,22.43156756,71.33391259,40.71736747,37.14771532,39.41844759,31.63180843,80.54949231,33.01976655,33.45884783,41.36999774,135.9546397,38.98296548,0.0,30.46470128,35.44695206,0.0,22.53841045,32.32308131,31.1817511,0.0,57.68868494,45.58563044,86.33199258,67.47320361
"South Carolina,2012",South Carolina,2012,11.6,4.7509913589999995,53.69773567,50.6342061,38.73543826,0.0,23.23269498,80.50541563,51.49549415,45.73678245,38.46860548,36.67204164,77.68732761,33.27976471,30.80662209,46.45457847,135.9546397,41.79840187,0.0,29.85944231,31.50840183,22.01073351,17.15610348,28.82869414,52.19553988,0.0,64.23070075,48.38698203,89.17419809,58.00328029
"South Dakota,2012",South Dakota,2012,7.8,4.535037206,56.57807399,65.19425678,0.0,0.0,47.74719381,93.75314226,61.31556513,15.24559415,47.49210553,45.70970119,122.66420149999999,61.87956251,57.73691425,62.40167257,47.58412391,64.97160913,0.0,51.64876508,38.97806606,0.0,24.55677557,35.19347077,0.0,0.0,73.44899577,73.59914635,0.0,79.90247796
"Tennessee,2012",Tennessee,2012,12.0,5.398853817000001,55.75512018,53.02466218,43.68997106,0.0,26.59743011,79.82604504,59.63896764,47.66932255,38.46860548,36.32443935,78.91396962,36.13974449,36.31509094,55.23703609,125.7580418,48.94527888,107.9488597,36.51729094,27.43403952,32.82956863,21.02463662,33.44627719,46.77262664,111.211274,62.14915027,44.82162546,90.59530085,66.8813334
"Texas,2012",Texas,2012,10.6,3.0233581380000003,46.08541299,45.41866556,28.15075455,36.09541578,20.34863629,74.39108027,43.11250673,31.99427505,30.63240806,33.71742217,63.78538477,34.31975736,29.17448317,37.44100354,90.06994883,33.13552065,80.53996957,25.42087657,19.9643753,24.80870811,20.68824243,24.71030927,42.25353228,104.9678341,59.17550671,35.39889738,70.34458654,47.94148677
"Utah,2012",Utah,2012,7.2,5.182899664,46.08541299,49.76494934,35.35734772,0.0,22.111116600000003,72.69265378,40.95688139,25.5524747,31.58225017,27.46058094,76.05180492,51.47963604,30.60260473,40.90776313,107.0642788,42.0149739,0.0,22.59633472,30.69352937,26.48749287,23.8839872,27.08150056,45.86880777,0.0,60.06759978,53.98968521,87.39781964,62.14637174
"Vermont,2012",Vermont,2012,7.2,8.85412026,56.37233553,48.46106421,0.0,0.0,18.74638146,66.57831841,37.364172499999995,0.0,0.0,35.10783133,89.13598641,67.59952207,29.5825179,45.29899194,220.92628959999996,44.61383827,0.0,41.15760968,39.38550229,0.0,0.0,34.0702749,0.0,0.0,54.12031267,49.15098701,0.0,76.05532161
"Virginia,2012",Virginia,2012,10.5,11.01366179,54.10921258,48.02643583,29.50199077,0.0,20.98953822,77.10856265,42.8729928,29.84700826,36.33146073,26.76537636,71.55411753,39.25972243,24.89011851,40.21441121,124.0586088,34.65152487,77.16656771,27.64015944,27.29822745,19.95888547,27.24792905,27.83029781,41.57566813,99.11460911,58.580778,40.74693224,78.51592740000001,53.86018884
"Washington,2012",Washington,2012,8.7,4.535037206,44.85098229,42.5935811,22.07019157,0.0,16.34299922,72.69265378,36.64563072,22.54630121,26.59557909,24.33216033,65.01202679,35.09975185,23.87003169,33.74312665,84.97164984,34.8680969,77.16656771,23.20159369,21.32249607,17.7205058,22.03381917,24.83510881,35.47489074,75.70170932,51.74139783,42.02027387,74.60789482,47.64555167
"West Virginia,2012",West Virginia,2012,13.0,6.262670428,61.1043199,63.02111489,67.56181092,0.0,35.40983165,92.05471577,71.61466396,64.41800345,46.77972394,36.32443935,98.54024186,53.03962501,50.18827175,67.94848791,152.9489697,59.55730837,0.0,39.54358577,37.89156944,0.0,23.7157901,35.5678694,52.64744931,0.0,63.63597204,55.00835852,104.4510527,71.02442485
"Wisconsin,2012",Wisconsin,2012,8.3,5.182899664,48.9657513,47.37449326,34.90693564,0.0,23.55314594,75.74982146,43.11250673,26.41138141,32.76955281,30.24139926,74.82516291,40.03971692,32.03072628,39.28994199,149.55010369999997,41.36525781,0.0,31.27171323,27.43403952,34.32182175,21.69742499,30.32628864,45.86880777,0.0,53.52558396,45.84029877,83.84506275,59.48295581
"Wyoming,2012",Wyoming,2012,9.0,4.535037206,56.57807399,58.45751691,0.0,0.0,34.28825327,95.11188345,51.0164663,0.0,0.0,36.67204164,104.2645713,60.57957170000001,39.57936878,52.46362842,169.9432997,42.44811796,0.0,45.79792842,37.89156944,0.0,0.0,32.82227948,0.0,0.0,23.49178407,65.44975991,0.0,81.38215347
"Alabama,2013",Alabama,2013,13.8,4.7301617380000005,54.83951388,52.37414644,46.20107721,0.0,27.89022788,73.05946181,65.25717929999999,52.26307502,65.31533601,35.3616141,80.62693301,41.90713816,34.8200061,52.41153178,169.63046,47.83976315,0.0,47.48642319,26.21387144,42.2458184,20.16203083,32.1765136,47.92660436,0.0,61.50449694,54.30120502,100.94982270000001,68.12649722
"Alaska,2013",Alaska,2013,7.1,3.08488809,50.25134738,55.745872600000006,0.0,0.0,18.43853954,71.51812295,47.99068828,0.0,0.0,27.21377675,78.44782671,27.41095829,32.64375572,46.86207548,147.01306530000002,40.54989448,0.0,30.03792351,25.71455961,0.0,43.26027973,24.16576333,0.0,0.0,55.99663155,45.57924981,0.0,66.14771929
"Arizona,2013",Arizona,2013,10.6,3.290547296,48.94044266,47.20416632,30.92491459,0.0,22.00229088,62.57835758,46.72109335,30.07946764,44.32112086,33.08021964,76.26872041,44.27924032,30.64885953,44.39565045,152.039153,41.46112806,124.0741213,32.24659435,23.84214022,27.11050551,28.57918933,24.16576333,43.04088255,0.0,50.48876615,44.17248284,89.11976535,56.81919478
"Arkansas,2013",Arkansas,2013,11.5,3.701865708,59.86464861,53.94761865,39.30817456,0.0,26.96055362,76.14213952,69.06596408,41.54726468,48.20893848,37.64300856,89.34335820000001,49.81414536,32.09969312,50.56171302,236.22612200000003,47.61195476,0.0,36.66393605,32.95458124,25.61360643,22.90250104,30.17382603,53.97559326,0.0,64.25842964,55.70797199,113.1742153,76.60697405
"California,2013",California,2013,10.2,4.3188433260000005,45.66318088,41.35984096,23.28683327,37.43413782,18.74843096,53.94685999,35.80257697,21.80761404,29.02903823,27.21377675,69.29558026,38.21720147,24.84552518,34.52995035,119.36958290000001,32.57660062,88.69361015,22.9701768,20.97109715,20.2912986,28.97068507,21.36200073,33.9673992,114.24436570000002,39.47303535,37.138647999999996,76.89537276,49.18676563
"Colorado,2013",Colorado,2013,6.5,3.9075249139999997,45.44469676,40.68549573,29.62085192,0.0,17.66381099,60.42048318,36.05649595,21.80761404,26.43715981,31.61360892,68.42393774,39.79860291,25.02687938,36.58530454,136.96088989999998,37.36057694,0.0,25.39971473,22.9683445,26.61153915,29.16643294,25.36737587,36.75924023,0.0,48.04082597,47.83007696,79.26138423,51.73090868
"Connecticut,2013",Connecticut,2013,8.3,7.19807221,55.93193447,48.55285678,32.04268258,0.0,20.45283378,55.48819884,39.10352378,22.55960073,27.99228686,36.01344109,81.06275427,49.55057845,29.92344274,43.16243794,212.3522054,40.32208608,0.0,27.16665141,27.71180695,19.459688,28.97068507,29.50626351,39.31842785,0.0,44.06292318,44.45383624,87.14808913,58.51529014
"Delaware,2013",Delaware,2013,11.1,8.22636824,64.01584688,60.01672575,0.0,0.0,21.69239946,78.30001392,45.70541741,28.76349093,0.0,36.01344109,98.93142591,51.13197989,38.08438167,56.31670474,236.22612200000003,43.96702042,0.0,22.52844263,35.20148451,0.0,36.21335634,32.71056362,55.13886035,0.0,62.72846703,51.48767108,0.0,66.14771929
"District of Columbia,2013",District of Columbia,2013,7.8,29.20360725,51.34376797,45.40591236,34.09192391,0.0,15.49457104,54.56339553,36.05649595,18.98766395,33.43523153,31.77656567,58.40004877,30.83732808,22.4879206,39.87387124,129.42175840000002,32.34879223,0.0,29.37532225,25.83938756,26.27889491,37.1920957,25.50088837,38.85312101,0.0,46.20487084,39.95218193,66.24832115,42.40238416
"Florida,2013",Florida,2013,11.1,3.08488809,49.15892678,43.38287666,31.48379858,40.65694438,24.32647654,53.63859221,43.42014654,28.01150424,32.657668,29.65812795,68.42393774,36.10866621,27.92854656,40.28494208,152.039153,36.44934335,131.8287539,26.72491724,18.72419389,26.11257279,20.94502232,23.09766329,39.78373468,118.68104009999999,43.45093814,37.138647999999996,77.28970799999999,48.33871794
"Georgia,2013",Georgia,2013,10.8,3.08488809,47.19256971,43.60765841,26.08125327,37.68204601,19.21326809,62.57835758,41.89663262,29.70347429,31.88010448,31.61360892,64.50154641,33.47299715,24.12010839,37.81851705,143.2434995,34.85468458,90.14760376,26.28318307,20.97109715,21.78819768,24.07698827,22.56361327,50.71844539,139.7552435,51.71273624,38.26406157,76.10670227,48.33871794
"Idaho,2013",Idaho,2013,8.4,3.290547296,48.72195854,55.52109086,51.789917200000005,0.0,32.22870777,74.29253289,53.57690596,27.07152087,55.98457372,37.15413832,92.82992828,61.67465616,29.92344274,48.09528799,222.40438089999998,52.16812267,0.0,43.51081567,33.57872104,29.93798155,26.03446699,28.83870099,58.62866164,0.0,62.42247451,68.36887472,103.31583420000001,69.53991002
"Illinois,2013",Illinois,2013,9.8,3.9075249139999997,47.19256971,43.83244015,26.82643193,37.92995421,19.21326809,60.42048318,39.86528074,22.93559407,35.50873426,24.76942554,67.11647396,35.31796549,27.20312976,38.02405247,143.2434995,34.62687619,72.69968045,25.841448899999996,21.22075307,26.94418339,19.96628295,25.36737587,44.43680307,117.57187150000001,48.65281102,41.92165569,75.71236702,50.03481331
"Indiana,2013",Indiana,2013,11.0,4.11318412,54.62102976,52.37414644,40.61223723,74.37245924,26.80560791,68.74371301,54.08474393,38.53931791,48.72731416,35.3616141,94.13739205,49.02344464,32.46240152,46.0399338,163.3478503,55.12963182,0.0,40.41867648,28.58560267,36.42454421,24.85997976,28.70518848,51.41640564,0.0,58.44457172,61.89774666,103.7101694,68.9745449
"Iowa,2013",Iowa,2013,9.3,4.3188433260000005,52.43618857,50.12632899,41.35741589,0.0,22.93196515,68.74371301,51.54555407,26.883524199999997,46.65381143,36.66526808,86.72843064,53.76764896,42.07417403,43.57350878,109.3174075,42.14455325,0.0,36.88480313,30.83250593,40.24995297,22.51100529,29.105726,56.76743429,0.0,57.22060163,57.67744575,97.40080549,64.45162392
"Kansas,2013",Kansas,2013,9.5,3.4962065019999997,47.84802207,45.63069411,30.55232525,0.0,22.00229088,67.20237415,50.02204016,30.83145433,40.95167893,28.68038747,73.21797159999998,37.69006765,29.92344274,41.10708375,150.7826311,40.77770288,0.0,34.89699937,22.21937675,25.61360643,19.77053508,24.83332585,53.51028642,0.0,52.93670633,45.01654303,83.99340717,54.27505173
"Kentucky,2013",Kentucky,2013,10.6,4.3188433260000005,52.21770445,51.25023772,41.35741589,0.0,25.41109651,71.82639072,59.41704263,42.67524471,51.31919258,35.85048434,79.31946923,37.69006765,34.6386519,48.30082341,233.71307819999996,50.34565551,0.0,39.97694231,27.33732308,28.10843823,31.51540741,30.44085104,59.09396848,0.0,64.87041469,55.98932539,95.82346452,66.14771929
"Louisiana,2013",Louisiana,2013,11.6,3.290547296,50.4698315,46.0802576,35.76857591,0.0,23.86163941,61.96182204,53.06906799,46.05918482,40.95167893,33.89500338,73.65379286,35.58153239999999,33.18781831,46.65654006,213.60872740000002,45.1060624,0.0,33.79266395,21.34558103,37.25615481,23.29399678,27.10303843,53.74293984,0.0,55.07865398,41.6403023,83.99340717,53.42700404
"Maine,2013",Maine,2013,9.6,5.14148015,63.79736276,53.94761865,45.82848788,0.0,19.3682138,67.51064192,53.06906799,32.33542771,54.94782236,43.67240820000001,92.39410702,52.97694824,39.53521526,47.88975257,198.5304643,48.52318834,0.0,45.71948651,29.08491451,31.60120274,24.66423189,31.64246358,40.24904152,0.0,52.630713799999995,54.58255842,91.88011207,66.71308441
"Maryland,2013",Maryland,2013,9.8,61.6977618,54.62102976,51.02545597,31.29750392,0.0,24.01658512,61.3452865,43.42014654,26.31953418,36.28629778,41.06510024,83.24186057,44.27924032,32.82510991,47.27314632,162.0913284,39.86646929,0.0,30.03792351,28.71043063,27.60947187,35.62611272,29.77328852,44.90210991,0.0,45.89887832,44.17248284,89.51410059999999,60.49406807
"Massachusetts,2013",Massachusetts,2013,8.5,10.48861951,50.68831562,44.95634887,33.71933458,41.89648537,17.35391957,53.02205667,34.53298204,18.04768058,29.80660175,31.77656567,74.52543538,43.22497269,26.11500457,39.66833582,180.9391573,39.6386609,0.0,26.28318307,22.84351654,27.27682763,30.1451723,29.50626351,37.68985391,110.3622756,40.0850204,45.01654303,77.28970799999999,50.88286099
"Michigan,2013",Michigan,2013,10.3,4.524502532,47.62953795,44.73156713,36.32745991,30.49270829,22.77701943,59.1874121,46.46717436,30.64345766,37.06386131,28.35447398,74.96125664,47.17847629,29.01667175,40.69601291,158.3217626,38.95523571,72.69968045,31.36312602,23.96696818,22.786130399999998,20.94502232,27.90411345,51.64905906,126.4452203,49.26479606,43.89112945,83.59907192,53.99236917
"Minnesota,2013",Minnesota,2013,7.4,4.3188433260000005,49.15892678,46.0802576,32.22897725,0.0,22.3121823,63.50316089999999,39.86528074,22.55960073,39.13736404,29.16925771,76.70454167,41.90713816,32.28104732,40.490477500000004,179.6826354,40.32208608,0.0,32.24659435,23.5924843,25.44728431,31.51540741,26.96952592,44.66945649,0.0,49.26479606,47.54872357,84.38774241,56.81919478
"Mississippi,2013",Mississippi,2013,12.9,2.467910472,53.09164092,51.92458295,30.73861992,0.0,28.81990214,77.06694284,65.00326031,41.359268,52.0967561,39.76144627,82.80603931,36.89936693,38.99115266,52.00046095,150.7826311,41.68893646,0.0,37.3265373,27.46215104,42.91110688,14.28959466,30.17382603,64.2123437,0.0,63.34045208,45.29789642,93.85178829,60.77675063
"Missouri,2013",Missouri,2013,9.6,4.3188433260000005,50.03286326,46.75460283,34.65080791,36.69041322,22.93196515,65.35276753,48.75244523,36.09536117,50.02325337,26.56194976,76.70454167,43.75210651,30.46750533,43.36797336,180.9391573,42.60017004,0.0,35.78046771,22.84351654,33.59706818,17.42156062,27.23655093,52.57967274,126.99980459999999,55.384646499999995,48.95549054,85.96508339,59.64602039
"Montana,2013",Montana,2013,7.7,6.16977618,53.9655774,56.64499958,0.0,0.0,25.10120509,77.99174615,51.037716100000004,25.75554417,0.0,29.98404145,96.31649835,68.79096264,32.09969312,48.30082341,376.95657769999997,56.2686738,0.0,35.33873354,28.08629083,0.0,36.40910421,30.70787605,0.0,0.0,62.42247451,64.4299272,110.4138686,74.062831
"Nebraska,2013",Nebraska,2013,9.1,4.935820944,53.52860916,53.04849167,45.08330922,0.0,32.22870777,66.58583861,47.99068828,21.43162069,50.80081689,33.89500338,81.06275427,41.64357125,34.2759435,46.0399338,155.8087188,45.78948759,86.75495201,42.62734733,28.58560267,32.76545758,31.71115528,30.44085104,55.13886035,0.0,58.75056425,47.83007696,97.79514074,59.08065526
"Nevada,2013",Nevada,2013,9.6,2.05659206,47.19256971,43.83244015,27.94419993,0.0,21.38250804,66.89410638,42.65838958,25.94354084,32.91685585,27.21377675,67.11647396,36.63580003,27.74719236,39.05172956,94.23914443,36.22153496,0.0,28.27098683,20.09730144,13.63841382,24.07698827,22.29658826,40.71434836,0.0,52.630713799999995,39.67082854,83.20473668,48.05603538
"New Hampshire,2013",New Hampshire,2013,9.2,5.14148015,56.58738683,51.02545597,35.58228124,0.0,21.69239946,65.04449975,45.95933639,23.12359075,39.39655188,34.22091687,82.80603931,47.4420432,42.07417403,40.28494208,145.75654340000003,38.27181052,0.0,31.14225893,28.08629083,0.0,17.22581275,30.44085104,44.66945649,0.0,54.16067641,49.51819733,98.58381123,64.16894136
"New Jersey,2013",New Jersey,2013,9.2,3.9075249139999997,55.93193447,47.20416632,27.38531593,29.2531673,20.91767091,55.48819884,38.849604799999994,22.93559407,29.28822607,29.16925771,71.47468656,37.16293384,24.66417098,39.4628004,157.06524069999998,36.90496015,84.33162933,24.73711348,23.21800042,22.786130399999998,24.07698827,26.1684509,39.78373468,144.74650219999998,42.53296057,39.67082854,78.86704898,51.16554355
"New Mexico,2013",New Mexico,2013,10.7,6.581094592,51.78073621,55.29630911,38.5629959,0.0,30.83419638,74.29253289,52.815149,35.34337448,57.53970077,33.24317639,93.26574954,52.18624752,31.91833892,54.05581513,193.50437659999997,46.70072117,0.0,40.1978094,29.709054300000002,17.63014469,35.62611272,32.1765136,42.3429223,0.0,67.62434739,50.9249643,103.7101694,69.82259259
"New York,2013",New York,2013,10.5,4.935820944,48.28499031,41.80940445,27.57161059,37.92995421,18.12864812,50.5559145,34.78690103,19.92764731,26.9555355,31.12473868,63.19408263,35.84509931,23.0319832,36.17423370000001,118.11306100000002,33.943451,60.09840251,22.74930972,22.09454879,21.78819768,22.70675316,25.10035086,34.66535946,113.6897814,39.16704283,35.16917424,69.79733835,46.35994002
"North Carolina,2013",North Carolina,2013,11.4,6.581094592,53.52860916,47.65372981,32.41527192,50.07745589,22.15723659,63.19489313,48.49852625,30.83145433,42.24761813,44.32423518,77.14036293,40.06216981,27.74719236,43.98457962,207.3261177,43.28359523,84.33162933,28.27098683,26.58835532,25.11464007,27.20895422,26.03493839,48.85721803,129.2181418,50.79475867,45.57924981,89.90843584,57.38455989999999
"North Dakota,2013",North Dakota,2013,8.9,4.524502532,57.67980742,57.31934481,0.0,0.0,45.70898458,78.91654946,55.86217683,0.0,0.0,40.73918675,114.18517,71.42663171,40.26063205,59.1942006,207.3261177,54.67401503,0.0,57.425442000000004,29.20974246,0.0,33.08139039,33.77866366,63.74703686,0.0,69.46030252,64.4299272,0.0,75.47624381
"Ohio,2013",Ohio,2013,10.3,4.935820944,52.43618857,50.12632899,37.07263857,52.80444606,22.93196515,62.88662535,49.51420219,35.1553778,41.21086677,29.98404145,82.37021805,41.38000435,33.9132351,47.0676109,144.5000215,44.19482882,104.2028753,33.57179686,25.58973165,34.42867878,22.70675316,29.239238500000003,52.114365899999996,130.8818947,52.01872876,51.48767108,94.24612354,59.36333783
"Oklahoma,2013",Oklahoma,2013,11.0,2.6735696780000002,48.94044266,49.67676551,34.83710258,0.0,24.79131367,70.90158741,56.87785277,36.84734786,43.80274518,28.35447398,78.01200545,45.59707485,36.45219388,43.7790442,154.5521969,45.56167919,0.0,36.88480313,21.59523695,27.27682763,20.357778699999997,26.96952592,56.30212745,0.0,61.50449694,52.05037787,94.64045878,58.23260758
"Oregon,2013",Oregon,2013,9.2,3.08488809,32.55413374,36.86420608,19.93352928,0.0,22.00229088,38.53347142,29.70852131,15.41572716,23.32690572,19.065939399999998,48.37615981,25.56598995,19.22354503,27.95281695,96.75218828,25.97015714,67.36837055,21.20324012,16.8517745,13.30576958,26.03446699,17.08960058,24.66126244,0.0,29.37528212,31.23022672,60.33329247,38.16214574
"Pennsylvania,2013",Pennsylvania,2013,10.1,7.19807221,53.52860916,49.67676551,36.32745991,50.82118048,23.39680228,65.96930307,46.97501233,25.56754749,42.50680597,31.93952241,81.06275427,47.4420432,32.64375572,48.50635883,187.2217669,43.05578684,88.69361015,35.78046771,25.21524777,30.43694791,28.57918933,29.63977601,50.95109881,119.23562439999999,48.95880354,46.70466339,84.78207766,54.55773429
"Rhode Island,2013",Rhode Island,2013,9.2,9.25466427,58.33525978,51.25023772,35.58228124,0.0,19.21326809,63.81142867,43.42014654,24.62756413,32.657668,27.70264699,86.29260938,42.96140579,32.28104732,45.62886297,257.5869948,42.14455325,0.0,37.54740438,32.08078553,0.0,43.45602761,28.57167598,26.98779663,0.0,47.12284841,44.73518963,93.85178829,56.81919478
"South Carolina,2013",South Carolina,2013,12.5,4.524502532,54.62102976,50.12632899,43.59295189,0.0,27.27044504,63.81142867,52.56123002,40.60728131,34.99035858,38.29483555,78.01200545,45.06994104,29.92344274,47.68421715,207.3261177,43.05578684,0.0,32.02572727,28.71043063,37.92144329,27.40470209,27.63708845,54.90620693,0.0,55.99663155,52.33173127,97.79514074,64.45162392
"South Dakota,2013",South Dakota,2013,9.1,4.524502532,58.99071214,67.43452331,0.0,0.0,43.38479892,89.08938592,64.49542234,11.84379038,51.83756826,46.1167594,130.7463779,68.26382883,49.50969617,59.60527144,199.7869862,68.34251879,0.0,64.49318871,36.57459206,0.0,31.90690315,40.05375137,0.0,0.0,89.04382393,79.06030369,0.0,77.73770429999999
"Tennessee,2013",Tennessee,2013,12.2,4.524502532,54.62102976,51.69980121,34.83710258,0.0,25.2561508,66.89410638,58.65528567,41.92325802,56.50294939999999,32.42839265,77.57618419,35.31796549,36.99625648,52.00046095,262.6130825,47.38414636,118.2581469,35.55960062,24.59110797,30.10430367,27.01320635,28.97221349,56.06947403,166.37528989999998,56.30262407,46.42330999,94.64045878,61.90748088
"Texas,2013",Texas,2013,10.9,3.08488809,48.06650619,44.95634887,28.68937859,37.43413782,21.38250804,58.26260878,44.68974146,30.26746431,33.95360721,36.33935458,67.55229522,36.89936693,27.74719236,38.22958789,129.42175840000002,35.08249298,99.35622995,26.94578432,18.72419389,25.61360643,23.48974465,21.89605075,43.50618939,129.2181418,47.42884093,37.98270818,77.68404325,48.33871794
"Utah,2013",Utah,2013,7.1,4.3188433260000005,44.57076028,47.87851155,34.46451324,0.0,23.39680228,71.20985518,41.38879465,25.37955082,42.24761813,23.46577157,74.96125664,57.72115256,29.56073434,35.55762745,116.85653909999998,38.72742731,0.0,27.60838558,25.83938756,27.94211611,22.90250104,26.435475899999997,48.85721803,0.0,61.50449694,52.05037787,95.03479403,59.64602039
"Vermont,2013",Vermont,2013,7.8,8.22636824,58.33525978,52.37414644,0.0,0.0,28.200119300000004,73.36772958,43.16622755,0.0,0.0,41.06510024,87.16425190000001,50.60484608,32.28104732,47.88975257,242.50873169999997,48.29537994,0.0,40.63954357,30.83250593,0.0,0.0,32.84407612,0.0,0.0,53.54869137,49.79955072,0.0,55.97114709
"Virginia,2013",Virginia,2013,9.8,10.89993792,53.52860916,46.97938457,30.36603059,0.0,18.59348525,62.57835758,42.65838958,26.883524199999997,33.17604369,27.376733500000004,72.34632908,39.27146909,24.66417098,39.4628004,128.1652364,35.31030137,87.23961654,28.712721000000002,22.59386062,20.95658708,29.75367656,24.69981335,43.04088255,118.68104009999999,50.18277363,42.20300909,83.59907192,51.44822612
"Washington,2013",Washington,2013,8.6,4.524502532,44.789244399999994,42.93331317,26.08125327,0.0,17.66381099,60.42048318,38.08784784,21.99561071,28.51066254,25.09533904,70.60304404,41.64357125,25.20823358,33.29673784,153.2956749,35.08249298,85.3009584,25.841448899999996,20.34695736,20.95658708,27.99194571,24.29927583,40.0163881,98.16142104,44.67490823,45.01654303,82.41606619,56.81919478
"West Virginia,2013",West Virginia,2013,13.0,5.552798562,61.61252157,59.56716226,50.85844387,0.0,31.29903351,68.43544524,76.17569568,53.76704839999999,41.47005461,36.66526808,98.49560465,59.03898709,38.08438167,60.42741312,211.0956835,56.4964822,0.0,35.78046771,32.58009736,0.0,9.983141477,35.24730121,54.20824668,0.0,59.97453433,56.83338557,117.9062382,84.80476832
"Wisconsin,2013",Wisconsin,2013,8.2,5.14148015,52.43618857,45.18113062,31.11120925,0.0,22.3121823,67.51064192,44.68974146,26.13153751,35.50873426,32.91726289,79.31946923,42.43427197,32.09969312,41.51815459,213.60872740000002,41.23331967,0.0,29.37532225,25.34007573,31.10223638,31.12391166,27.90411345,52.34701932,0.0,57.22060163,52.33173127,87.54242437,59.92870295
"Wyoming,2013",Wyoming,2013,8.6,2.8792288839999998,57.02435507,56.64499958,0.0,0.0,23.86163941,75.21733621,57.13177176,0.0,0.0,41.39101374,100.2388897,25.82955685,29.92344274,51.58939011,194.7608985,56.4964822,0.0,39.09347398,29.83388226,0.0,0.0,36.44891375,0.0,0.0,30.59925221,70.05699508,0.0,73.49746588
"Alabama,2014",Alabama,2014,12.9,4.785939017,55.83187327,52.97534397,35.27786214,0.0,29.947280300000003,71.27492755,63.61031317,54.81922462,56.76945953,38.96335552,84.85258899,38.56349983,33.22292193,54.46477486,303.12515049999996,49.07390829,0.0,43.15720186,23.35454016,45.55201011,33.16041958,29.98189805,52.48018973,0.0,63.84914922,57.05475861,104.7342929,72.67790749
"Alaska,2014",Alaska,2014,7.4,3.1906260110000004,43.94371774,55.41353971,0.0,0.0,28.14141415,74.44270211,41.89594924,0.0,0.0,32.46946294,84.85258899,41.86894268,35.63038004,50.54331107,220.2564043,44.12347017,0.0,35.60469154,23.02866286,0.0,44.88788504,25.61671749,0.0,0.0,58.89533592,41.494369899999995,0.0,67.46178973
"Arizona,2014",Arizona,2014,10.0,3.4185278689999996,48.40177606,50.31549406,35.47830454,0.0,24.37919301,64.30582353,48.79345308,33.09456894,42.07911693,33.28119951,81.92663765,44.62347838,29.04999454,47.05756548,239.8832126,42.40157865,128.8860822,30.42582731,22.48553402,29.27106353,40.23733839,22.74488817,43.20338852,0.0,54.76715816,47.90158878,97.42724924,63.28889552
"Arkansas,2014",Arkansas,2014,12.7,3.4185278689999996,58.37933516,54.74857724,33.07299576,0.0,23.024793399999997,69.37426282,70.25235391,48.93123383,45.06698322,41.39856524,97.39238047,46.82710694,38.51932977,51.63260656,364.18633189999997,49.93485405,0.0,43.58877388,24.76667515,32.21549004,34.17140798,28.37367363,53.54039558,0.0,65.77563217,61.63134352,113.66512409999999,81.02369591
"California,2014",California,2014,10.3,4.102233443,45.64202567,44.10917761,25.45618461,39.77497794,19.86452764,53.85216749,37.04215024,22.13072402,31.37259605,28.57312738,74.82075581,39.38986055,25.19806156,35.07531501,200.629596,33.79212106,95.16320048,24.38381905,19.76988981,23.20900895,42.66371055,19.98793203,34.45669023,113.9502777,42.10741306,40.27394725,82.40721498,53.20440118
"Colorado,2014",Colorado,2014,7.2,3.4185278689999996,42.24540981,42.11429018,25.85706941,0.0,16.85475072,58.60382932,36.53122403,25.58230482,26.89079662,31.82007368,70.22283227,41.04258197,23.59308948,34.42173771,228.97943019999997,35.51401258,0.0,25.89432112,19.00950943,19.39857465,45.89887344,22.51514183,41.878131200000006,0.0,47.88686191,45.15563783,82.00126811,52.85665999
"Connecticut,2014",Connecticut,2014,9.2,7.292859455,54.55814232,48.76391495,34.47609255,0.0,26.18505916,52.58505766,39.34131819,19.49127987,43.57305008,37.50222969,83.59860984,52.33617835,30.17347499,45.96826998,348.9210365,45.41488881,0.0,32.15211539,24.65804938,30.31027288,29.72305901,27.33981508,42.14318266,0.0,42.65783676,47.59648312,94.17967427,59.11600131
"Delaware,2014",Delaware,2014,11.1,8.660270602,63.68654745,59.84662289,0.0,0.0,25.88408147,74.12592466,54.66910449,34.10973977,0.0,44.80785885,106.17023449999999,48.75528193,31.45745265,50.54331107,366.36708839999994,47.56725321,0.0,39.2730537,29.87208625,0.0,35.58679174,26.88032239,54.60060144,0.0,61.92266627,48.5118001,0.0,62.24567197
"District of Columbia,2014",District of Columbia,2014,8.4,24.15759694,45.0051602,44.33083177,30.46724458,0.0,16.1023065,53.21861257,35.25390851,19.69431403,29.62967405,29.38486396,62.69895738,31.67716058,26.48203922,40.73965159,185.3643007,30.34833802,0.0,24.38381905,20.74752173,20.437784,37.40657086,20.90691741,41.34802827,0.0,34.95190496,42.10458122,70.6347557,50.77021289
"Florida,2014",Florida,2014,11.2,3.1906260110000004,49.8877955,45.21744841,33.47388056,45.59003319,26.03457031,53.53539003,47.51613755,30.86119312,39.58922835,34.09293608,73.56677666,39.66531412,29.04999454,44.22539718,261.6907774,40.24921425,120.1088938,28.05218121,18.7922579,30.82987756,30.32965205,22.630015,36.8421534,129.0395838,42.93304861,42.71479254,84.84289622,57.0295542
"Georgia,2014",Georgia,2014,11.5,3.4185278689999996,45.42973718,44.33083177,28.26237819,37.68155805,18.96159456,61.13804897,45.47243271,29.64298813,32.11956263,33.60589414,68.13286702,34.15624271,23.914083899999998,38.7789197,246.425482,35.0835397,121.03280840000001,26.54167915,18.35775482,24.42141987,32.75602422,20.79204424,51.15493241,132.16150919999998,52.56546336,41.18926423,84.03100247,52.85665999
"Idaho,2014",Idaho,2014,7.6,2.962724153,48.18948757,54.9702314,40.890249299999994,0.0,26.93750339,72.22525992,51.85901034,32.48546644,34.6094512,36.20345117,93.63044303,52.88708549,34.18590517,47.27542458,327.1134717,54.024346400000006,0.0,30.85739933,25.85293283,22.51620271,34.57580334,23.66387356,49.829675099999996,0.0,63.02351367,68.64877372,107.16997420000001,63.98437789
"Illinois,2014",Illinois,2014,10.1,4.102233443,46.06660266,45.88241088,31.26901417,42.10100004,19.86452764,60.50449406,41.89594924,24.77016816,32.61754034,28.735474699999997,73.56677666,34.98260342,27.28452525,39.432497,250.78699500000002,36.59019478,85.00014023,26.75746515,20.63889596,31.86908692,30.32965205,24.00849307,47.44421193,114.4705986,49.53813301,46.07095481,83.21910873,56.68181302
"Indiana,2014",Indiana,2014,10.7,4.102233443,53.70898835,55.41353971,39.88803731,69.78066305,30.69972453,70.00781773,57.47919865,42.23110638,52.53664895,38.80100821,99.48234571,54.53980691,36.59336328,45.31469268,292.2213681,56.82242012,0.0,38.84148168,26.07018437,27.36584638,31.94723349,26.88032239,57.51616753,0.0,60.27139517,66.81813976,109.6056554,78.93724881
"Iowa,2014",Iowa,2014,9.4,4.102233443,50.73694947,52.53203565,39.88803731,0.0,21.51990494,67.15682063,52.62539965,29.8460223,62.24721439,39.61274478,92.37646388,52.06072478,34.18590517,47.49328368,276.9560727,44.76917949,0.0,41.86248581,26.17881013,39.14355241,34.9801987,25.27209797,55.39575583,0.0,59.44575962,59.49560389,100.2688773,72.67790749
"Kansas,2014",Kansas,2014,10.3,3.1906260110000004,43.09456378,43.88752345,25.45618461,0.0,20.31599418,62.08838134,46.74974824,25.58230482,38.84226178,29.38486396,69.38684617,37.73713912,27.76601688,36.8181878,194.08732659999998,38.52732273,0.0,29.56268328,17.81462598,21.13059024,27.49888453,22.05564914,49.56462363,0.0,53.39109891,43.93521518,85.65478996,55.63858947
"Kentucky,2014",Kentucky,2014,12.4,4.102233443,51.58610344,52.31038149,37.28228613,0.0,27.38896993,69.69104028,61.56660833,40.40379889,50.79372695,35.55406192,84.01660289,44.07257124,33.86491076,46.83970638,294.40212460000004,47.56725321,0.0,39.70462571,23.13728863,34.98671499,39.22634999,26.53570287,57.25111607,0.0,59.99618332,51.25775105,91.33804616,67.11404855
"Louisiana,2014",Louisiana,2014,11.2,2.962724153,49.25093003,48.54226079,33.07299576,0.0,26.18505916,62.08838134,55.94642002,43.65234553,42.8260835,32.30711562,76.49272801,34.43169628,37.55634653,47.27542458,276.9560727,44.33870661,0.0,34.30997548,19.87851558,32.3886916,34.9801987,24.12336625,54.60060144,0.0,52.29025151,43.93521518,84.84289622,55.63858947
"Maine,2014",Maine,2014,9.5,5.013840875,61.13908555,54.74857724,50.31104203,0.0,24.98114839,69.69104028,55.18003071,33.50063727,57.76541496,42.69734376,91.54047778,61.1506926,31.29695544,49.23615647,403.4399485,47.35201677,0.0,37.97833764,26.83056474,37.41153682,33.76701262,28.60341998,51.68503534,0.0,47.33643821,51.86796237,105.1402398,69.20049565
"Maryland,2014",Maryland,2014,10.0,68.37055739,54.77043081,53.64030644,36.48051653,0.0,27.84043646,63.35549116,46.49428513,29.03388563,42.57709465,46.26898468,88.61452643,44.07257124,31.77844706,49.67187467,357.6440624,43.90823373,0.0,33.44683144,27.69957089,27.19264482,41.45052447,29.63727853,42.67328559,0.0,47.06122636,49.12201142,95.39751488,63.98437789
"Massachusetts,2014",Massachusetts,2014,9.7,10.71138732,49.25093003,47.21233584,31.46945657,50.00947518,19.86452764,53.21861257,36.27576093,20.50645069,32.61754034,34.57997803,81.09065155,44.34802481,30.97596102,40.52179249,250.78699500000002,40.89492357,0.0,30.2100413,22.15965671,32.56189316,33.36261726,28.83316632,38.43246218,105.1048223,39.90571826,46.68116613,81.59532124,55.63858947
"Michigan,2014",Michigan,2014,10.3,4.5580371589999995,46.27889115,45.43910257,39.48715251,31.40129837,22.12186032,60.50449406,49.04891618,29.03388563,43.07507236,31.008337100000006,79.8366724,45.72529266,32.42043589,44.22539718,252.96775150000002,42.61681509,86.84796937,32.79947342,20.96477326,26.32663702,28.50987293,25.84646383,49.56462363,120.19412849999999,49.26292116,48.81690576,94.58562114,60.15922486
"Minnesota,2014",Minnesota,2014,8.1,4.330135301,46.91575662,48.09895247,30.66768698,0.0,20.31599418,61.13804897,42.66233855,24.97320233,48.80181609,31.33303173,81.09065155,38.56349983,32.42043589,43.13610169,298.7636375,43.26252441,0.0,34.95733351,20.85614749,28.05865261,33.96921029999999,24.12336625,50.09472656,0.0,48.71249746,51.56285671,87.68452432,60.50696605
"Mississippi,2014",Mississippi,2014,12.9,2.7348222960000004,54.55814232,55.19188556,45.70086687,0.0,29.49581377,72.54203738,68.71957528,53.80405379999999,52.53664895,46.91837394,92.79445693,44.89893195,39.48231302,55.98978855,298.7636375,48.21296253,0.0,37.1151936,27.37369359,31.69588536,25.88130308,28.83316632,64.14245412,0.0,69.07817437,49.73222274,102.70455859999998,67.46178973
"Missouri,2014",Missouri,2014,11.1,4.102233443,50.52466098,49.87218574,41.6920189,34.89033152,22.72381571,68.107153,53.13632586,37.35828641,48.80181609,32.30711562,84.43459594,49.58164264,34.98839121,47.27542458,335.8364977,48.42819897,0.0,39.48883970000001,21.61652787,30.31027288,30.93624509,25.50184432,50.62482949,125.3973375,58.06970037,56.44454728,101.08077109999999,68.85275447
"Montana,2014",Montana,2014,8.8,5.925448307000001,50.100084,58.51669794,0.0,0.0,24.37919301,72.85881483,49.8153055,30.65815896,0.0,28.735474699999997,94.46642912,46.00074623,34.827894,41.17536979,403.4399485,55.74623792,0.0,37.76255163,26.2874359,0.0,46.10107112,24.00849307,0.0,0.0,62.19787812,75.97130959,116.9126991,84.15336657
"Nebraska,2014",Nebraska,2014,9.1,4.330135301,47.34033361,51.2021107,44.29777008,0.0,32.65607953,67.15682063,50.83715792,29.64298813,49.54878266,35.22936729,84.85258899,42.14439625,34.98839121,50.10759287,329.29422819999996,46.70630745,47.58160024,37.76255163,27.91682243,19.74497776,32.35162885,25.1572248,56.45596168,0.0,61.37224257,51.56285671,101.89266479999999,67.80953091
"Nevada,2014",Nevada,2014,9.5,2.0511167219999997,44.79287171,47.43399,28.66326299,0.0,21.068438399999998,62.08838134,45.72789582,26.59747565,39.83821721,25.81322303,65.62490873,33.60533557,27.92651408,37.907483299999996,189.72581359999998,38.09684985,0.0,32.15211539,16.402491,38.45074617,41.24832679,22.28539548,43.73349144,0.0,49.81334486,45.46074349,90.52615242,55.98633065
"New Hampshire,2014",New Hampshire,2014,9.1,5.697546449,57.5301812,50.53714822,37.88361332,0.0,21.51990494,63.98904607,47.26067445,23.55196317,46.56091637,34.255283399999996,83.59860984,41.59348911,33.70441355,41.39322889,311.8481764,43.69299729,0.0,40.13619773,24.44079784,0.0,40.03514071,25.84646383,41.08297681,0.0,56.41842926,54.003702000000004,92.96183365,67.46178973
"New Jersey,2014",New Jersey,2014,9.6,4.102233443,54.55814232,46.76902752,28.66326299,31.16869616,21.068438399999998,53.85216749,41.38502303,24.16106567,31.87057377,30.35894785,76.07473496,35.80896413,25.19806156,40.52179249,259.51002090000003,38.31208629,88.23384122,24.81539107,20.85614749,20.78418712,35.38459406,23.77874673,40.02277096,135.2834347,41.83220121,40.27394725,86.06073683,55.63858947
"New Mexico,2014",New Mexico,2014,11.5,6.153350165,51.16152645,59.18166042,33.87476535,0.0,24.680170699999998,69.69104028,55.43549381,36.54614975,37.09933978,34.41763071,94.04843607,50.40800336,30.17347499,48.80043827,314.0289329,48.21296253,0.0,39.92041172,26.07018437,10.73849668,56.00875745,30.44139074,42.67328559,0.0,58.89533592,61.93644918,111.6353898,77.19854289
"New York,2014",New York,2014,10.0,4.785939017,45.64202567,43.22256098,27.2601662,37.68155805,18.96159456,50.36761547,37.29761335,21.11555319,33.61349577,32.63181025,66.04290178,35.53351056,24.55607273,37.253906,222.4371608,34.0073575,63.75010517,26.11010713,19.44401251,23.72861363,33.96921029999999,23.20438086,36.31205047,117.592524,39.63050641,39.66373593,74.69422442,50.07473052
"North Carolina,2014",North Carolina,2014,10.8,6.381252022999999,50.94923796,49.20722327,31.26901417,51.40508845,24.07821532,62.40515879,49.30437929,31.67332978,39.3402395,46.26898468,81.5086446,43.79711767,30.01297778,44.22539718,324.9327153,41.97110577,103.4784316,30.64161332,24.11492054,26.32663702,36.39558246,24.12336625,48.23936632,132.68183009999998,53.94152261,48.81690576,97.83319611,63.63663670000001
"North Dakota,2014",North Dakota,2014,8.6,3.6464297269999997,57.95475818,59.62496873,0.0,0.0,26.6365257,86.48024543,53.13632586,0.0,0.0,36.36579849,110.76815800000001,67.48612471,39.64281022,54.02905666,283.49834219999997,54.024346400000006,0.0,58.47800852,27.59094512,0.0,51.76260617,27.11006873,79.51543899,0.0,75.95847062,63.15687183,0.0,84.84884894
"Ohio,2014",Ohio,2014,11.7,5.241742733,51.58610344,50.75880238,36.68095893,59.31356359,25.58310378,62.08838134,52.11447344,32.07939811,52.03867123,32.63181025,88.19653339,47.92892122,35.63038004,47.71114277,309.66741989999997,47.56725321,97.47298690000001,36.89940759,23.02866286,30.31027288,32.35162885,26.99519556,56.45596168,124.35669569999999,52.29025151,53.69859634,100.2688773,67.11404855
"Oklahoma,2014",Oklahoma,2014,12.0,2.7348222960000004,49.25093003,50.0938399,33.07299576,0.0,24.22870417,65.25615589,55.94642002,39.99773056,39.3402395,27.27434887,81.92663765,39.11440698,34.02540796,43.13610169,224.6179173,41.32539645,0.0,33.01525943,18.57500636,33.77430407,24.668117000000002,23.54900038,54.33554997,0.0,51.73982781,49.12201142,94.17967427,67.11404855
"Oregon,2014",Oregon,2014,8.9,2.5069204380000003,23.13944557,29.48000313,17.23804627,0.0,16.25279534,29.77708084,22.99167946,12.58811825,19.42113089,15.26064758,39.29134663,21.76083205,14.60524587,21.56805084,111.2185804,21.09317111,39.72832641,15.32080666,11.07982836,10.91169824,20.82636108,11.48731726,20.40896267,0.0,23.39300726,23.18803024,47.90173088,29.55800065
"Pennsylvania,2014",Pennsylvania,2014,11.2,6.609153881,51.16152645,49.42887743,38.08405572,50.4746796,23.47625994,62.72193625,48.02706376,25.58230482,46.06293865,31.98242099,86.10656814,44.89893195,32.5809331,48.58257917,274.77531630000004,45.41488881,99.78277332,34.95733351,21.5079021,31.5226838,33.96921029999999,26.99519556,50.88988095,123.31605390000001,50.08855671,49.42711708,93.36778052,61.55018960000001
"Rhode Island,2014",Rhode Island,2014,9.4,7.976565029,54.77043081,50.0938399,44.69865487,0.0,23.32577109,57.336719499999994,45.72789582,23.14589484,39.83821721,38.47631358,87.36054729,46.00074623,27.12402805,46.62184728,285.6790987,40.46445069,0.0,34.30997548,27.04781628,0.0,40.03514071,25.50184432,27.30030072,0.0,46.51080266,45.76584915,86.4666837,52.85665999
"South Carolina,2014",South Carolina,2014,12.0,3.4185278689999996,47.5526221,49.42887743,32.87255336,0.0,21.21892725,65.25615589,54.41364139,34.92187643,36.60136206,38.47631358,82.3446307,39.66531412,28.72900012,43.35396079,318.3904458,42.40157865,0.0,32.58368741,23.35454016,32.04228848,34.17140798,22.85976135,51.68503534,0.0,53.11588706,55.22412464,95.80346175,67.80953091
"South Dakota,2014",South Dakota,2014,9.1,4.5580371589999995,53.49669986,66.49624766,0.0,0.0,44.54469834,86.79702289,61.82207144,9.542605768,47.30788294,42.53499645,125.39791480000001,65.00704258,48.14916221,65.35772983,281.3175857,64.57093196,0.0,64.30423078,32.58773046,0.0,41.24832679,32.50910785,0.0,0.0,69.90380992,90.00616999,0.0,104.3223553
"Tennessee,2014",Tennessee,2014,13.0,4.785939017,53.92127684,52.31038149,45.29998207,0.0,26.93750339,63.35549116,61.82207144,42.84020887,53.03462666,34.90467266,86.10656814,40.49167483,41.2477823,52.93976116,401.259192,51.44150913,113.64149180000001,38.84148168,22.26828248,29.44426509,38.41755927,26.76544922,53.80544705,156.0962708,54.49194631,52.47817369,97.42724924,62.24567197
"Texas,2014",Texas,2014,10.9,3.4185278689999996,48.18948757,48.09895247,30.86812937,42.33360225,23.92772647,58.28705187,48.28252687,30.86119312,37.59731749,40.91152329999999,75.23874886,39.11440698,28.72900012,39.8682152,228.97943019999997,37.88161341,117.7991074,28.69953924,17.92325175,26.32663702,33.36261726,21.13666376,43.46843998,132.68183009999998,47.61165006,40.57905291,85.65478996,57.0295542
"Utah,2014",Utah,2014,7.1,4.330135301,44.58058322,49.42887743,39.68759491,0.0,19.11208341,68.107153,42.91780166,25.17623649,39.09125064,31.65772636,79.8366724,63.62977473,31.93894427,40.08607429,198.4488395,43.69299729,0.0,30.42582731,24.54942361,25.28742766,28.91426829,24.46798576,49.56462363,0.0,57.79448852,58.27518125,103.5164523,66.76630736
"Vermont,2014",Vermont,2014,7.9,7.292859455,48.40177606,50.0938399,0.0,0.0,13.39350727,61.13804897,42.15141234,0.0,0.0,38.96335552,95.72040827,58.67161046,30.81546382,48.36472007,104.676311,43.90823373,0.0,39.92041172,28.13407396,0.0,0.0,29.52240536,0.0,0.0,54.49194631,52.78327935,0.0,69.20049565
"Virginia,2014",Virginia,2014,9.7,7.5207613129999995,36.93819752,38.12451532,22.24910624,0.0,20.91794956,44.98239872,34.998445399999994,20.50645069,30.62562948,23.37801331,59.35501299,29.47353202,20.86463696,32.24314672,130.8453887,28.84168294,59.59248962,21.79438694,15.53348485,20.09138088,28.30767525,18.035088100000003,32.33627852,107.18610590000002,37.42881161,32.64630573,67.38718073,40.33797736
"Washington,2014",Washington,2014,8.9,4.785939017,43.94371774,44.55248593,27.4606086,0.0,17.15572842,59.55416169,40.36317061,23.9580315,34.11147349,27.43669618,75.65674191,36.91077841,27.76601688,34.20387861,239.8832126,37.45114053,88.23384122,29.13111126,18.57500636,21.47699336,37.20437318,21.94077597,38.9625651,63.99947101,44.03389601,49.73222274,88.90236493,57.37729539
"West Virginia,2014",West Virginia,2014,14.1,6.153350165,59.22848913,60.95489369,46.10175166,0.0,39.87954412,75.39303448,76.63893153,60.70721542,68.96991355,41.39856524,105.7522415,49.30618907,40.60579347,53.37547936,353.2825495,58.3290752,0.0,49.84656815,27.59094512,0.0,34.17140798,31.81986881,66.79296875,0.0,63.02351367,71.39472467,117.318646,86.93529604
"Wisconsin,2014",Wisconsin,2014,9.0,4.785939017,47.34033361,47.21233584,34.87697735,0.0,22.87430455,63.67226862,46.49428513,26.59747565,43.07507236,33.76824145,83.59860984,45.17438552,34.66739679,44.00753808,298.7636375,43.47776085,0.0,34.09418947,23.13728863,32.56189316,32.9582219,26.07621018,50.62482949,0.0,49.81334486,56.13944162,96.6153555,64.67986026
"Wyoming,2014",Wyoming,2014,8.4,2.7348222960000004,48.61406456,57.63008129999999,0.0,0.0,23.62674878,89.64801999,52.36993655,0.0,0.0,28.41078007,106.17023449999999,57.84524975,30.97596102,49.88973377,523.3815548,56.1767108,0.0,35.17311952,29.22033164,0.0,0.0,33.08347371,0.0,0.0,16.23749915,65.29261145,0.0,77.89402526
"Alabama,2015",Alabama,2015,13.5,4.50122361,58.70412619,54.16278681,44.06734587,0.0,36.14053429,69.13433358,70.25712403,50.79978336,62.38645822,43.61359288,97.69044195,51.81564333,38.20215596,57.97403457,1884.824418,50.36416376,0.0,52.15873018,21.15668147,41.99075477,53.72005234,26.67702067,57.90364369,0.0,62.75184111,66.29757001,124.21261319999999,92.70078619
"Alaska,2015",Alaska,2015,7.6,2.786471759,45.75161436,58.10987249,0.0,0.0,26.06858211,69.4119815,49.56122703,0.0,0.0,33.44360709,86.93981915,26.17218719,30.13127794,50.89323645,1189.533633,40.43320189,0.0,45.54706016,20.4124766,0.0,98.48676263,21.34161653,0.0,0.0,55.03236859,55.34934744,0.0,87.38188862
"Arizona,2015",Arizona,2015,10.1,3.215159721,50.76548991,51.53139636,36.62981914,0.0,28.14221933,62.47078335,53.91825798,31.13535109,54.12942699,38.91975329,87.40723753,40.44792566,33.00092345,48.68048704,1449.2205529999999,45.39868282,165.95230149999998,42.36366348,20.83773653,38.78535364,64.30127477,22.16244794,46.12238285,0.0,52.79123141,53.22052639,107.6509314,83.58267607
"Arkansas,2015",Arkansas,2015,12.6,2.572127777,53.48133916,53.5049392,40.34858251,0.0,27.69786849,69.13433358,72.16332507,43.88081645,51.68289921,43.80916953,92.54883974,48.643257,36.22927466,52.66343598,1700.530475,52.01932407,0.0,46.52656683,21.68825638,31.41293105,56.56884300000001,24.52233823,53.64233658,0.0,63.74790208,67.20992189,125.67393799999999,90.42125866
"California,2015",California,2015,10.0,4.2868796289999995,44.49814547,45.61076784,24.54383821,41.74491935,21.625073800000003,51.08721839,40.30253627,22.21352534,34.557204799999994,30.11880405,78.52628826,39.91919461,26.90292673,36.95291516,913.0927181,36.41352685,110.82627749999999,29.87495344,18.81775186,21.79672766,72.84764674,18.26349876,37.09843838,115.9573337,40.09145404,46.52994593,95.47322424,67.62598337
"Colorado,2015",Colorado,2015,6.8,4.50122361,43.24467659,44.51435515,28.82041608,0.0,21.625073800000003,53.86369765,40.574850700000006,23.67014995,48.01310755,35.39937359,79.46112503,42.56284988,29.05516087,40.9358641,1306.8115970000001,39.72384747,0.0,39.42514347,20.09353165,27.24590958,81.3940187,22.16244794,44.61839211,0.0,45.32077413,55.95758203,96.9345491,74.46456596
"Connecticut,2015",Connecticut,2015,9.3,7.287695369,56.82392286,52.62780905,36.07200464,0.0,27.54975155,54.418993500000006,47.38271156,25.49093072,44.95494784,43.41801623,94.88593165,49.70071911,38.20215596,50.00813669,2178.0193280000003,47.76319755,0.0,39.42514347,23.81455603,26.12401919,72.03370655,26.47181282,37.85043375,0.0,45.56978938,55.65346474,105.21538999999999,73.70472345
"Delaware,2015",Delaware,2015,11.5,7.50203935,57.65956878,60.96054548,0.0,0.0,31.99325987,71.63316491,53.37362911,36.23353723,0.0,42.63570963,117.7894324,57.3673194,39.63697871,53.32726081,1893.2014149999998,49.18190639,0.0,53.87286685,28.173470299999998,0.0,77.32431776,25.75358534,60.15962981,0.0,64.49494781,62.344045200000004,0.0,91.18110117
"District of Columbia,2015",District of Columbia,2015,8.5,18.21923842,45.333791399999996,45.61076784,28.82041608,0.0,17.77403326,56.64017691,39.21327853,19.11819804,37.61536452,29.1409208,63.10148164,31.19513221,24.93004544,39.8294894,712.0447802,34.99481801,0.0,31.09933677,15.52198741,24.68158868,74.06855702,20.31557728,45.62105261,0.0,46.316835100000006,44.40112487,85.24395021,65.72637709
"Florida,2015",Florida,2015,11.3,3.215159721,50.97440139,47.14574561,33.84074662,46.29404518,30.0677396,51.08721839,50.65048477,28.76833609,47.40147561,37.35514009,76.65661473,39.39046355,31.20739501,48.01666222,1541.367524,43.03416809,154.4677132,38.20076013,17.43565709,33.17590167,62.266424300000004,21.13640868,43.36506649,126.11028,41.08751501,48.65876698,96.9345491,72.56495968
"Georgia,2015",Georgia,2015,11.3,3.215159721,47.00508325,46.70718053,26.40321989,43.61808881,22.21754157,59.41665617,53.37362911,28.95041417,49.84800338,37.55071674,74.7869412,35.42498064,25.64745682,41.37841399,1172.779638,39.25094452,145.85427190000001,40.89440348,16.69145222,21.95699772,64.70824487,19.90516157,52.38901096,151.2254629,49.55403326,49.26700157,97.42165738,73.32480219
"Idaho,2015",Idaho,2015,8.1,2.572127777,50.55657842,54.82063443,34.58449929,0.0,30.95644126,67.74609395,52.28437137,29.86080455,52.60034713,39.31090658,100.96237059999999,49.70071911,35.51186328,45.80391281,1440.8435550000002,52.25577554,0.0,53.87286685,25.62191073,28.52807003,68.7779458,23.29109112,53.64233658,0.0,60.51070393,79.07049635,121.7770717,89.2814949
"Illinois,2015",Illinois,2015,9.9,3.858191666,45.96052584,47.36502815,29.00635425,44.956067,22.36565852,54.69664142,45.47651052,24.58054033,46.48402769,29.532074100000003,78.05886988,34.63188406,30.66933647,40.9358641,1164.40264,39.01449305,87.28287138,38.445636799999996,18.49880692,32.21428133,57.38278318,21.23901261,48.6290341,116.49169930000001,46.316835100000006,52.612291799999994,94.01189938,70.66535341
"Indiana,2015",Indiana,2015,11.4,3.858191666,54.31698508,54.60135189,36.44388098,80.27869107,26.95728378,64.69196676,59.90917553,37.32600569,54.74105893,47.32954922,110.3107383,52.34437438,41.78921285,51.99961116,1641.891493,59.82222268,0.0,54.60749686,24.66507589,33.01563161,60.23157384,23.90671467,59.65829956,0.0,55.28138383,76.94167529,128.1094795,96.49999874
"Iowa,2015",Iowa,2015,8.8,3.858191666,49.30310954,52.62780905,35.88606647,0.0,26.364815999999998,63.0260792,55.27983015,26.4013211,51.37708324,44.00474618,90.21174783,52.08000886,43.94144699,47.57411234,1424.08956,45.87158577,0.0,42.85341682,24.02718599,25.00212879,56.56884300000001,24.11192253,61.91428568,0.0,56.77547529,66.9058046,113.49623090000001,88.90157364
"Kansas,2015",Kansas,2015,9.7,3.215159721,41.15556178,44.07579008,30.67979776,0.0,27.99410238,48.0330912,43.29799504,24.58054033,41.59097215,30.11880405,74.7869412,41.50538777,27.44098526,39.16566458,1122.5176529999999,40.19675042,0.0,34.03785679,17.22302713,30.1307706,46.39459066,19.186934100000002,46.623713099999996,0.0,36.85425589,53.52464368,96.9345491,68.00590462
"Kentucky,2015",Kentucky,2015,13.4,3.858191666,54.52589657,54.60135189,36.07200464,0.0,27.84598544,66.08020639,67.80629413,38.23639607,64.22135405,39.89763653,86.00498239,44.14904304,39.27827302,52.44216104,1683.77648,52.72867849,0.0,47.75095017,21.90088635,30.29104065,62.6733944,27.600456,61.41295543,0.0,56.52646005,67.51403919,115.44466399999999,85.10236109
"Louisiana,2015",Louisiana,2015,12.7,3.215159721,50.34766694,51.31211382,37.00169548,0.0,28.734687100000006,58.30606446,60.18148997,44.06289452,51.68289921,39.11532993,87.87465592,33.0456909,37.66409742,55.31873528,1985.348387,48.70900344,0.0,42.11878681,21.15668147,35.90049262,56.56884300000001,25.03535786,50.88502021,0.0,54.53433811,55.95758203,105.7024983,77.88385725
"Maine,2015",Maine,2015,9.9,5.144255554,54.94371953,56.57489473,50.01736726,0.0,23.84682796,69.96727735,56.64140232,29.13249225,57.18758670000001,40.28878983,87.87465592,56.83858835,38.74021449,47.79538728,2437.706247,49.41835786,0.0,59.26015354,22.53877624,36.22103274,80.17310842,28.52389133,53.14100633,0.0,54.53433811,63.56051437,120.31574690000001,90.80117991
"Maryland,2015",Maryland,2015,10.3,64.30319443,54.94371953,55.91704712,33.09699395,0.0,30.66020737,58.30606446,50.1058559,27.49378956,55.35269087,50.65435227,97.69044195,48.37889148,33.35962914,53.54853575,1625.137498,46.10803724,0.0,40.15977347,27.004005499999998,31.25266099,80.58007851,26.77962459,50.38368996,0.0,49.803048499999996,58.39052038,112.5220143,84.72243984
"Massachusetts,2015",Massachusetts,2015,8.9,10.71719907,49.30310954,48.68072337,34.21262296,54.85710556,23.9949449,52.75310594,39.75790739999999,18.93611996,48.31892352,37.15956344,87.40723753,50.49381569,36.40862751,41.59968893,1432.466558,44.6893284,0.0,37.22125346,20.73142154,33.65671184,63.89430468,25.54837749,39.60508962,90.30778526,40.09145404,53.52464368,96.44744081,69.90551090000001
"Michigan,2015",Michigan,2015,10.7,4.50122361,48.04964065,47.80359322,38.48920083,30.505902600000002,23.69871101,58.02841654,53.91825798,30.40703878,50.765451299999995,35.39937359,85.07014562,49.43635358,34.07704052,46.02518775,1432.466558,44.45287693,106.23244209999999,43.83292349,19.88090168,32.85536155,63.89430468,24.93275393,55.14632732,139.4694198,51.04812471,60.21522414,106.1896065,78.64369976
"Minnesota,2015",Minnesota,2015,7.6,4.50122361,48.25855213,51.53139636,32.53917944,0.0,27.99410238,59.69430409,46.56576826,21.66729111,46.17821172,34.61706699,91.61400298,47.85016042,35.15315759,48.23793716,1683.77648,46.81739166,0.0,42.60854015,21.581941399999998,34.29779206,66.33612524,23.39369505,52.13834583,0.0,51.29713995,61.43169332,104.24117340000001,83.96259733
"Mississippi,2015",Mississippi,2015,14.7,3.215159721,62.04670988,59.64485026,39.2329535,0.0,32.73384458,72.18846076,75.15878385,49.7073149,65.13880197,56.13049846,105.63655449999999,45.7352362,44.30015268,64.6122828,1851.316428,53.43803291,0.0,58.28064687,28.811360200000003,30.1307706,69.99885608,29.03691096,70.68756503,0.0,64.49494781,62.95227978,146.1324861,99.15944752
"Missouri,2015",Missouri,2015,11.5,4.50122361,50.76548991,51.7506789,38.11732449,42.815301899999994,25.03176351,63.85902298,59.09223223,36.23353723,64.22135405,37.15956344,92.54883974,49.17198806,35.69121613,50.89323645,1574.875514,50.60061523,0.0,52.64848352,20.51879158,30.29104065,59.82460374,24.52233823,54.14366683,136.2632263,53.78729238,70.55521212,118.36731370000001,88.14173113
"Montana,2015",Montana,2015,7.9,4.50122361,48.25855213,55.2591995,0.0,0.0,25.92046517,69.68962943,50.65048477,30.95327301,0.0,37.55071674,99.56011548,57.63168493,37.66409742,46.46773763,1633.514496,50.8370667,0.0,53.13823685,23.17666614,0.0,62.6733944,24.93275393,0.0,0.0,59.51464296,70.55521212,118.36731370000001,87.00196737
"Nebraska,2015",Nebraska,2015,8.8,3.858191666,47.84072917,51.09283129,39.60482984,0.0,25.92046517,63.0260792,53.64594355,24.21638418,60.55156239,39.11532993,86.93981915,41.24102224,34.7944519,51.1145114,1315.188594,44.6893284,65.46215353,47.75095017,21.36931144,23.07888812,59.41763365,24.21452645,51.88768071,0.0,55.28138383,64.77698355,106.6767148,79.02362101
"Nevada,2015",Nevada,2015,9.7,1.929095833,45.96052584,47.14574561,27.33291073,0.0,23.25436018,55.80723313,49.83354147,27.49378956,47.70729158,26.40284771,74.31952282,37.01117381,26.36486819,42.04223881,1164.40264,38.06868716,0.0,35.75199346,18.07354699,40.70859431,66.33612524,20.4181812,48.87969922,0.0,43.07963695,52.30817451,102.29274029999999,74.84448721
"New Hampshire,2015",New Hampshire,2015,8.1,6.00163148,53.48133916,51.09283129,32.91105578,0.0,18.95896881,60.8048958,48.74428373,22.75975957,51.68289921,38.52859999,91.14658459,43.62031199,40.35439009,46.46773763,1591.629509,44.21642546,0.0,45.05730682,23.17666614,0.0,55.75490281,26.06139711,54.14366683,0.0,44.82274365,53.22052639,101.31852370000001,70.28543215
"New Jersey,2015",New Jersey,2015,9.0,3.858191666,55.57045397,48.2421583,24.54383821,33.44945461,23.69871101,49.97662668,43.02568061,22.21352534,38.22699646,33.44360709,80.86338018,38.59736697,27.08227957,42.48478869,1574.875514,40.19675042,84.98595371,33.30322678,19.24301179,20.99537738,61.85945421,22.47025972,39.3544245,134.66012949999998,42.58160647,49.26700157,96.9345491,70.66535341
"New Mexico,2015",New Mexico,2015,11.5,4.50122361,49.51202102,55.69776458,36.44388098,0.0,26.51293294,72.74375661,59.09223223,30.95327301,63.60972211,37.15956344,96.2881868,55.51676071,31.92480639,48.90176198,1809.431441,47.52674608,0.0,47.99582683,22.32614628,23.23915817,119.64920749999999,26.67702067,61.16229031,0.0,63.00085635,63.56051437,125.1868297,96.87991999
"New York,2015",New York,2015,9.8,4.50122361,45.75161436,44.73363769,29.75010692,42.54770626,19.69955353,49.143682899999995,40.574850700000006,21.12105688,38.53281243,33.44360709,70.11275738,35.42498064,25.82680966,39.38693952,1248.172615,35.70417243,76.94674187,29.87495344,17.32934211,23.39942823,64.30127477,21.34161653,40.10641987,116.49169930000001,39.59342356,44.40112487,85.24395021,65.34645584
"North Carolina,2015",North Carolina,2015,10.7,5.787287499,51.39222435,48.90000591,26.9610344,54.58950992,24.29117879,59.97195202,53.37362911,30.77119494,49.84800338,50.45877562,85.07014562,46.79269831,29.23451371,45.58263787,1348.696584,46.58094019,108.5293598,40.89440348,21.68825638,24.20077851,69.18491589,21.85463616,52.13834583,131.98830149999998,52.04418568,57.1740512,110.0864728,78.2637785
"North Dakota,2015",North Dakota,2015,8.7,3.215159721,58.07739174,57.89058996,0.0,0.0,37.76982067,64.96961469,58.54760336,0.0,0.0,41.85340303,116.38717720000001,71.64305787,37.12603889,50.89323645,1315.188594,58.63996531,0.0,55.58700353,23.3892961,0.0,77.32431776,26.77962459,72.69288602,0.0,56.02842956,79.98284823,0.0,95.74015623
"Ohio,2015",Ohio,2015,11.0,5.144255554,52.64569324,51.96996144,37.74544815,59.13863575,27.40163461,62.19313543,55.82445902,33.50236608,61.16319433,35.00822029,93.01625812,48.643257,37.84345027,50.89323645,1532.990527,49.18190639,99.91591855,47.75095017,20.94405151,32.85536155,54.94096262,25.34316963,57.65297857,138.4006887,53.78729238,63.56051437,113.0091226,81.6830698
"Oklahoma,2015",Oklahoma,2015,11.7,2.572127777,48.25855213,50.43498367,29.93604509,0.0,28.14221933,57.47312068,58.54760336,38.60055223,48.93055547,32.85687715,81.79821694,36.21807722,33.00092345,46.02518775,1206.287628,46.10803724,0.0,44.56755349,17.22302713,24.68158868,51.27823178,21.54682439,44.11706186,0.0,48.55797229,54.13287827,105.21538999999999,78.2637785
"Oregon,2015",Oregon,2015,10.7,2.572127777,24.23373181,32.01525051,15.99068247,0.0,17.62591631,29.70832808,25.32524238,13.10962151,24.77109371,17.60189847,42.53507281,24.58599403,14.70693328,24.34024352,578.0128215,24.82740467,44.21566511,19.34525673,11.05675816,10.57782372,39.06912898,11.38903575,22.55986118,0.0,23.15841755,27.37055643,59.427211,40.65157427
"Pennsylvania,2015",Pennsylvania,2015,10.4,6.644663424,52.43678175,50.43498367,38.67513899,56.99787066,26.51293294,58.58371239,51.46742807,25.12677456,48.624739500000004,34.42149034,90.21174783,43.09158093,34.97380475,51.33578634,1658.6454880000001,46.58094019,106.23244209999999,40.64952681,21.05036649,30.77185082,63.89430468,25.75358534,53.8930017,120.76662409999999,47.81092656,55.65346474,103.75406509999999,75.98425097
"Rhode Island,2015",Rhode Island,2015,9.0,8.145071294,51.60113583,51.09283129,37.18763365,0.0,30.80832432,61.08254372,46.02113939,26.21924302,40.36770826,34.81264364,89.27691106,55.25239518,36.7673332,45.80391281,1482.728542,43.27061957,0.0,30.85446011,24.87770585,0.0,58.60369346,23.5989029,29.57848466,0.0,57.02449053,62.344045200000004,109.5993646,82.82283356
"South Carolina,2015",South Carolina,2015,11.8,2.572127777,46.79617176,49.33857098,31.051674100000003,0.0,22.51377546,60.8048958,57.73066006,36.96184954,56.27013879,36.57283349,77.12403312,38.59736697,31.92480639,44.25498822,1323.565591,42.79771662,0.0,47.99582683,19.03038183,24.20077851,56.56884300000001,22.16244794,59.40763444,0.0,56.77547529,56.26169932,106.6767148,81.6830698
"South Dakota,2015",South Dakota,2015,9.3,3.858191666,56.82392286,65.78476131,0.0,0.0,42.21332899,81.07319439,63.99389205,8.193513445,55.04687489999999,46.93839592,140.2255148,75.07980972,44.65885837,65.93993245,1976.97139,68.80737865,0.0,64.64744022,30.19345497,0.0,74.8824972,26.16400104,0.0,0.0,65.74002402,87.28166327,0.0,113.97637649999999
"Tennessee,2015",Tennessee,2015,12.7,4.50122361,54.73480805,51.96996144,39.790768,0.0,29.47527182,63.58137506,65.35546422,38.782630299999994,52.60034713,38.91975329,89.27691106,44.41340857,36.40862751,55.76128516,2069.118361,52.25577554,141.2604366,52.40360685,19.24301179,29.64996043,68.37097571,25.85618926,53.39167146,160.309678,54.28532286,59.30287226,108.13803970000001,81.30314854
"Texas,2015",Texas,2015,11.4,3.00081574,45.75161436,48.02287576,25.65946722,41.74491935,23.9949449,54.14134557,50.37817034,28.95041417,42.20260409,41.65782638,76.18919635,38.59736697,29.593219399999995,40.9358641,1105.763659,38.77804158,114.8458834,35.99687013,16.15987731,27.24590958,62.266424300000004,19.08433017,47.87703872,133.5913983,43.32865219,48.35464969,94.49900766,71.42519592
"Utah,2015",Utah,2015,7.0,4.072535647,44.49814547,53.28565666,34.95637563,0.0,21.92130769,71.63316491,45.74882495,25.49093072,50.45963533,35.79052689,85.537564,54.72366413,30.48998363,39.16566458,1156.025643,44.6893284,0.0,37.95588347,21.581941399999998,30.1307706,72.44067664,22.47025972,66.92758816,0.0,60.26168868,83.32813846,120.31574690000001,84.72243984
"Vermont,2015",Vermont,2015,8.2,6.430319442999999,43.45358807,49.9964186,0.0,0.0,16.58909771,63.58137506,47.38271156,0.0,0.0,39.89763653,95.35335004,51.02254675,41.07180147,48.01666222,1281.680604,47.05384313,0.0,42.36366348,25.40928076,0.0,0.0,26.98483244,0.0,0.0,56.52646005,63.86463166,0.0,88.90157364
"Virginia,2015",Virginia,2015,10.3,6.430319442999999,32.38127957,35.52377111,21.19695118,0.0,20.73637214,36.92717416,33.49467541,17.8436515,33.33394091,22.88246801,57.02504267,27.75838035,20.62557716,31.86359152,728.798775,27.90127382,64.88792412,24.48766675,13.820947699999998,19.39267682,45.58065047,14.15934174,31.83447077,106.87311869999999,31.37592055,33.4529023,70.6307016,46.35039309
"Washington,2015",Washington,2015,8.4,4.50122361,44.28923399,46.26861546,26.9610344,0.0,19.99578742,58.02841654,41.66410844,20.210666500000002,43.42586798,28.749767499999997,80.39596179,41.24102224,26.90292673,35.84654046,1005.23969,38.77804158,97.04477147,35.75199346,17.86091702,25.3226689,62.266424300000004,20.52078513,41.61041062,61.45204323,44.32471316,53.82876097,105.7024983,74.46456596
"West Virginia,2015",West Virginia,2015,14.5,5.144255554,61.62888692,62.49552325,53.36425429,0.0,34.36313097,69.13433358,81.69433027,49.16108067,83.18194429,40.48436648,111.71299340000002,54.19493307,41.43050716,64.16973292,2295.297291,65.26060656,0.0,57.79089353,25.40928076,0.0,61.45248412,30.78117769,66.92758816,0.0,63.99691732,79.07049635,133.4676706,105.61810890000001
"Wisconsin,2015",Wisconsin,2015,8.4,4.50122361,48.46746361,49.33857098,36.44388098,0.0,25.92046517,61.9154875,48.4719693,24.76261841,53.51779504,35.98610354,87.87465592,43.88467751,34.07704052,44.47626316,1373.827576,46.10803724,0.0,46.28169016,21.581941399999998,32.85536155,52.90611215,24.11192253,56.65031807,0.0,50.30107898,63.56051437,111.54779769999999,79.78346352
"Wyoming,2015",Wyoming,2015,8.4,2.357783796,53.0635162,61.39911056,0.0,0.0,31.69702598,66.08020639,57.73066006,0.0,0.0,43.61359288,96.2881868,51.28691227,44.30015268,44.91881304,1918.3324079999998,52.96512996,0.0,44.81243016,31.89449468,0.0,0.0,22.36765579,0.0,0.0,24.90152425,75.11697153,0.0,96.49999874
